{
  "config": {
    "run_name": "exp1_4",
    "out_dir": "results",
    "seed": 42,
    "device": "cuda",
    "bs_train": 128,
    "bs_test": 32,
    "batches": 100,
    "epochs": 100,
    "early_stopping": 4,
    "checkpoints": null,
    "lr": 0.001,
    "reg": 0.001,
    "filters_per_layer": [
      64,
      128,
      256
    ],
    "pool_every": 3,
    "hidden_dims": [
      1024
    ],
    "model_type": "resnet",
    "activation_type": "relu",
    "pooling_type": "max",
    "pooling_params": {
      "kernel_size": 2,
      "padding": 1
    },
    "conv_params": {
      "kernel_size": 3,
      "padding": 1
    },
    "activation_params": {},
    "batchnorm": true,
    "dropout": 0.1,
    "kw": {},
    "layers_per_block": 8
  },
  "results": {
    "num_epochs": 0,
    "train_loss": [
      1.9956204426288604,
      1.6949162936210633,
      1.5042311787605285,
      1.3569031381607055,
      1.2052300202846526,
      1.1079617607593537,
      1.0402819561958312,
      0.9701002693176269,
      0.9150344461202622,
      0.8669828718900681,
      0.822390359044075,
      0.7654000622034073,
      0.7424595105648041,
      0.7130381247401237,
      0.6840639740228653,
      0.6505250108242034,
      0.6432953786849975,
      0.6305207532644271,
      0.620632429420948,
      0.5864118698239327,
      0.583437385559082,
      0.5644646170735359,
      0.5587387764453888,
      0.5409304523468017,
      0.5246228221058845,
      0.5238756248354912,
      0.515740713775158,
      0.5055522873997689,
      0.49901762217283246,
      0.49085942685604095,
      0.4858581534028053,
      0.46142254322767257,
      0.45843246698379514,
      0.4420664077997208,
      0.45364448070526125,
      0.4395341038703918,
      0.424991000443697,
      0.4407615411281586,
      0.41969867765903474,
      0.3954607680439949,
      0.3956807026267052,
      0.41928108274936676,
      0.3960006584227085,
      0.41191885828971864,
      0.38655088022351264,
      0.391654010117054,
      0.386859415024519,
      0.37005470871925356,
      0.3724144656956196,
      0.3792861299216747,
      0.3720891976356506,
      0.36601301476359366,
      0.3512176947295666,
      0.35695606499910354,
      0.3565309603512287,
      0.3649129271507263,
      0.3541491110622883,
      0.3399257965385914,
      0.3356291449069977,
      0.34382649302482604,
      0.32699261263012885,
      0.3326270346343517,
      0.3313219714164734,
      0.3066337452828884,
      0.3207503017783165,
      0.32531114146113393,
      0.3164514507353306,
      0.31531333416700363,
      0.32452462092041967,
      0.30351753368973733,
      0.31218175604939463,
      0.2995989774167538,
      0.30007210522890093,
      0.2941499407589436,
      0.31340669125318527,
      0.29114310562610624,
      0.2979285642504692,
      0.2900359782576561,
      0.29828576028347015,
      0.29684695318341253,
      0.27960344940423965,
      0.2941854611039162,
      0.2737011821568012,
      0.29125993356108665,
      0.2957891741394997,
      0.2819902631640434,
      0.2790355289727449,
      0.2757722346484661,
      0.2787746874243021,
      0.27431260883808134,
      0.28874407678842545,
      0.27151027753949164,
      0.2667364813387394,
      0.277007607370615,
      0.2694396752864122,
      0.2561060486733913,
      0.2700110749155283,
      0.2686033920198679,
      0.26155035018920897,
      0.25827793911099434
    ],
    "train_acc": [
      22.234375,
      33.3828125,
      44.0546875,
      49.609375,
      55.515625,
      58.921875,
      61.9609375,
      64.7109375,
      67.625,
      68.90625,
      70.359375,
      73.1015625,
      73.859375,
      74.9609375,
      76.09375,
      77.5078125,
      77.84375,
      77.9765625,
      78.609375,
      79.921875,
      79.421875,
      81.0234375,
      80.8046875,
      81.296875,
      81.8671875,
      82.25,
      82.171875,
      82.703125,
      82.7265625,
      83.0546875,
      83.6171875,
      84.1953125,
      84.21875,
      84.7421875,
      84.53125,
      84.8203125,
      85.703125,
      85.21875,
      85.796875,
      86.53125,
      86.3125,
      86.0390625,
      86.4453125,
      85.9921875,
      86.734375,
      86.421875,
      86.5625,
      87.3046875,
      87.3046875,
      86.78125,
      87.2109375,
      87.21875,
      87.9765625,
      87.96875,
      87.890625,
      87.296875,
      87.734375,
      88.21875,
      88.5625,
      88.1640625,
      88.9765625,
      88.546875,
      88.6640625,
      89.3125,
      88.7734375,
      88.6484375,
      89.1953125,
      89.5703125,
      88.96875,
      89.5078125,
      89.2890625,
      89.65625,
      89.46875,
      89.8046875,
      89.2265625,
      90.15625,
      89.765625,
      90.40625,
      89.6875,
      89.8359375,
      90.3515625,
      89.6640625,
      90.359375,
      90.0234375,
      89.796875,
      90.65625,
      90.2890625,
      90.7421875,
      90.578125,
      90.5703125,
      90.1171875,
      90.6640625,
      90.6015625,
      90.4453125,
      90.78125,
      91.3125,
      90.65625,
      90.859375,
      91.140625,
      90.9453125
    ],
    "test_loss": [
      1.7997504937648774,
      1.6019361412525177,
      1.4934317207336425,
      1.3756642317771912,
      1.2020119524002075,
      1.0720985108613967,
      1.0247986447811126,
      1.0516053342819214,
      0.8906288242340088,
      0.8961735880374908,
      0.8881196776032447,
      0.7843219426274299,
      0.7767010456323624,
      0.724756446480751,
      0.755822562277317,
      0.689338555932045,
      0.74395408898592,
      0.6826213097572327,
      0.7546573451161385,
      0.7620258516073227,
      0.7024241346120834,
      0.6063370737433433,
      0.6677143487334252,
      0.6914751687645913,
      0.6390339483320713,
      0.6567301033437252,
      0.5925956228375435,
      0.710691106915474,
      0.7384800018370151,
      0.5776103529334068,
      0.6453171733021736,
      0.6466011902689934,
      0.6889481645822525,
      0.6030804595351219,
      0.5961586773395539,
      0.6819509628415108,
      0.6448345901072026,
      0.5656166936457158,
      0.5706904008984566,
      0.5820425479114055,
      0.665044431462884,
      0.5036327709257603,
      0.5867265954613685,
      0.6479841814935208,
      0.7040337976813317,
      0.648984949439764,
      0.5602159978449345,
      0.6821053236722946,
      0.5830556686222553,
      0.5461279760301113,
      0.5483784607052803,
      0.5731853990256787,
      0.6212316110730172,
      0.5407117998600006,
      0.533280351832509,
      0.6313147893548012,
      0.573146257251501,
      0.5618498867750168,
      0.5270676140487194,
      0.6746258251369,
      0.5477191638201475,
      0.5701709511876106,
      0.5596068532764912,
      0.7007954622805118,
      0.5773361350595951,
      0.5798833830654622,
      0.5544547841697931,
      0.5728159399330616,
      0.5669010666012764,
      0.5572962500154972,
      0.531565397977829,
      0.6357877157628536,
      0.5891945029050112,
      0.5449145282804966,
      0.5612784066796302,
      0.5473327539861202,
      0.677530152797699,
      0.5495177789777518,
      0.6264481821656227,
      0.4794991708919406,
      0.571545735001564,
      0.5540329010784626,
      0.632341034412384,
      0.5837002818286419,
      0.5658931324630976,
      0.5640410099178552,
      0.5854291304945946,
      0.6531267958879471,
      0.5563173825293779,
      0.5312300385534763,
      0.5623139394074679,
      0.5212954586744308,
      0.5480813564360142,
      0.5738070026040077,
      0.5257839325815439,
      0.5363395836949348,
      0.5567928394675254,
      0.5773390455543995,
      0.5640532574802637,
      0.5980363894253969
    ],