{
  "config": {
    "run_name": "exp1_1",
    "out_dir": "results",
    "seed": 42,
    "device": "cuda",
    "bs_train": 128,
    "bs_test": 32,
    "batches": 100,
    "epochs": 100,
    "early_stopping": 5,
    "checkpoints": null,
    "lr": 0.001,
    "reg": 0.001,
    "filters_per_layer": [
      64
    ],
    "pool_every": 2,
    "hidden_dims": [
      1024
    ],
    "model_type": "cnn",
    "activation_type": "relu",
    "pooling_type": "max",
    "pooling_params": {
      "kernel_size": 2
    },
    "conv_params": {
      "kernel_size": 3,
      "padding": 1
    },
    "activation_params": {},
    "batchnorm": true,
    "dropout": 0.1,
    "kw": {},
    "layers_per_block": 4
  },
  "results": {
    "num_epochs": 0,
    "train_loss": [
      1.9720833921432495,
      1.5961602759361266,
      1.4965802252292633,
      1.3815764093399048,
      1.297664314508438,
      1.2048740339279176,
      1.1559071415662765,
      1.074676895737648,
      1.0316249382495881,
      0.9935530918836594,
      0.9585457050800323,
      0.9449460476636886,
      0.8781228691339493,
      0.8714852392673492,
      0.8289238512516022,
      0.8217448037862778,
      0.7799068009853363,
      0.7534724289178848,
      0.7314593011140823,
      0.7088624426722526,
      0.6870059141516686,
      0.6432643589377404,
      0.6223179358243942,
      0.623711846768856,
      0.5739671611785888,
      0.5700223675370216,
      0.5556290060281753,
      0.5194606301188469,
      0.49281845390796664,
      0.4818308013677597,
      0.47625684171915056,
      0.4508866611123085,
      0.4347281515598297,
      0.4203940567374229,
      0.401948461830616,
      0.3888346494734287,
      0.38209109112620354,
      0.358243552595377,
      0.34518864706158636,
      0.3412366104125977,
      0.329376123547554,
      0.30959061726927756,
      0.30570115059614184,
      0.3000843623280525,
      0.30032094463706016,
      0.2881228193640709,
      0.2654133316874504,
      0.27214710220694543,
      0.26980368606746197,
      0.24900442868471145,
      0.23609289936721325,
      0.2411378365755081,
      0.2448004923015833,
      0.23921082720160483,
      0.21600884340703488,
      0.21346448451280595,
      0.22441694535315038,
      0.21315659523010255,
      0.208700805157423,
      0.20367822401225566,
      0.20753646709024906,
      0.19974830910563468,
      0.1831711446493864,
      0.1818171601742506,
      0.18189302876591681,
      0.1783916299790144,
      0.1852805268019438,
      0.17731155470013618,
      0.17243887178599834,
      0.18343054227530955,
      0.1774398884922266,
      0.17499256744980812,
      0.17076553910970688,
      0.16082947582006454,
      0.17257905714213848,
      0.15175961971282959,
      0.1729398189485073,
      0.15406977631151675,
      0.1720805485546589,
      0.15693668588995935,
      0.16077830143272875,
      0.1604883548989892,
      0.15754840202629566,
      0.14537241015583277,
      0.1603402429819107,
      0.16080295898020266,
      0.16598463967442512,
      0.14906088769435882,
      0.15223127644509077,
      0.14791371654719115,
      0.14904149532318114,
      0.14734011944383382,
      0.15688225008547307,
      0.14552273366600274,
      0.15421967651695012,
      0.15982695318758489,
      0.141923675686121,
      0.1549235038459301,
      0.14091285821050406,
      0.14141349975019693
    ],
    "train_acc": [
      27.4453125,
      41.796875,
      45.4921875,
      49.8203125,
      53.3359375,
      56.6484375,
      58.5390625,
      61.453125,
      63.234375,
      64.59375,
      66.0859375,
      66.265625,
      69.4453125,
      69.2421875,
      70.890625,
      71.4375,
      72.875,
      73.828125,
      74.5625,
      75.015625,
      75.8125,
      77.6796875,
      78.3828125,
      78.5234375,
      80.09375,
      80.09375,
      80.4765625,
      81.9609375,
      82.7734375,
      83.5,
      83.71875,
      84.90625,
      85.375,
      85.953125,
      86.34375,
      86.859375,
      87.140625,
      87.96875,
      88.6953125,
      88.4921875,
      88.8828125,
      89.6171875,
      89.328125,
      89.953125,
      90.1171875,
      90.4609375,
      91.0390625,
      90.921875,
      91.046875,
      91.5234375,
      92.296875,
      91.984375,
      91.921875,
      92.03125,
      92.515625,
      92.78125,
      92.0390625,
      92.921875,
      92.9765625,
      93.0234375,
      92.9609375,
      93.0859375,
      93.859375,
      94.0078125,
      94.0,
      93.8203125,
      93.7421875,
      93.7734375,
      94.1328125,
      93.6953125,
      94.0625,
      93.90625,
      94.2421875,
      94.625,
      94.328125,
      94.734375,
      94.1015625,
      94.6953125,
      94.234375,
      95.0,
      94.5625,
      94.40625,
      94.9375,
      95.203125,
      94.4609375,
      94.53125,
      94.3515625,
      95.1015625,
      94.796875,
      95.078125,
      95.140625,
      95.2734375,
      94.7421875,
      95.0546875,
      94.7421875,
      94.625,
      95.2578125,
      94.703125,
      95.3046875,
      95.1640625
    ],
    "test_loss": [
      1.6924656903743744,
      1.482863837480545,
      1.429137544631958,
      1.3172412836551666,
      1.282933867573738,
      1.2195982187986374,
      1.1740467935800551,
      1.1426296526193618,
      1.1223941206932069,
      1.0197967827320098,
      1.016991419196129,
      0.9619138872623444,
      1.0112877118587493,
      1.0085162818431854,
      0.953890979886055,
      0.9143513309955597,
      0.9157148206233978,
      0.8715518546104432,
      0.9033313196897507,
      0.9004426297545433,
      0.8719241294264793,
      0.878429414331913,
      0.8687131026387215,
      0.8910729756951332,
      0.853306445479393,
      0.9206474202871323,
      0.8726869967579841,
      0.901507326066494,
      0.8376659199595451,
      0.8759808671474457,
      0.8987433561682701,
      0.8561426472663879,
      0.9608337557315827,
      0.8773299443721772,
      0.8800263717770577,
      0.8572065705060958,
      0.8600798192620277,
      0.9416734120249748,
      0.9011756977438927,
      0.893994876742363,
      0.9629503798484802,
      0.980504729449749,
      1.0279325023293495,
      1.0345553016662599,
      0.9740330794453621,
      1.0100165811181068,
      0.9491836121678352,
      1.001654417514801,
      1.0578628081083297,
      1.0212596118450166,
      1.0805315625667573,
      1.0570304724574089,
      1.0705575406551362,
      0.9710274237394333,
      1.0311440491676331,
      1.0414732137322427,
      1.0654777267575264,
      1.0616254419088365,
      1.0920462161302567,
      1.1406176054477692,
      1.0312082916498184,
      1.0943401929736138,
      1.0799429088830947,
      1.1417954879999161,
      1.120260518193245,
      1.1371347197890282,
      1.1476192361116409,
      1.1712979528307914,
      1.159042404294014,
      1.2242861360311508,
      1.1995307523012162,
      1.1090033340454102,
      1.1375585162639619,
      1.1025977200269699,
      1.0623635640740394,
      1.1490341180562973,
      1.1330220100283623,
      1.1188914752006531,
      1.1379521018266678,
      1.203711430132389,
      1.086018337905407,
      1.1486524581909179,
      1.2700017821788787,
      1.1823098826408387,
      1.1709055131673813,
      1.2251531991362572,
      1.2193082445859909,
      1.1356239584088326,
      1.1453564357757569,
      1.2368024656176566,
      1.153177202641964,
      1.2766340631246567,
      1.203506824672222,
      1.2139652425050735,
      1.232575494647026,
      1.2151179321110248,
      1.2774974510073662,
      1.2169072276353836,
      1.1974245992302894,
      1.2948506379127502
    ],