{
  "config": {
    "run_name": "exp1_2",
    "out_dir": "results",
    "seed": 42,
    "device": "cuda",
    "bs_train": 128,
    "bs_test": 32,
    "batches": 100,
    "epochs": 100,
    "early_stopping": 8,
    "checkpoints": null,
    "lr": 0.001,
    "reg": 0.001,
    "filters_per_layer": [
      256
    ],
    "pool_every": 2,
    "hidden_dims": [
      1024
    ],
    "model_type": "cnn",
    "activation_type": "relu",
    "pooling_type": "max",
    "pooling_params": {
      "kernel_size": 2,
      "padding": 1
    },
    "conv_params": {
      "kernel_size": 3,
      "padding": 1
    },
    "activation_params": {},
    "batchnorm": true,
    "dropout": 0.1,
    "kw": {},
    "layers_per_block": 4
  },
  "results": {
    "num_epochs": 0,
    "train_loss": [
      2.0091051769256594,
      1.5746661949157714,
      1.4152254450321198,
      1.2668396735191345,
      1.1774982166290284,
      1.081985628604889,
      1.0022891980409623,
      0.9348089587688446,
      0.889207239151001,
      0.8285029101371765,
      0.8056935954093933,
      0.7530719801783562,
      0.725596159696579,
      0.6927387225627899,
      0.6503591081500053,
      0.6377318492531776,
      0.6175233069062233,
      0.5901218941807747,
      0.5504304078221322,
      0.5341973316669464,
      0.504953778386116,
      0.4661576509475708,
      0.4739960315823555,
      0.43692801594734193,
      0.4352723780274391,
      0.3982460974156857,
      0.3915851640701294,
      0.36920338168740274,
      0.34572912827134133,
      0.3393880119919777,
      0.32840599700808526,
      0.3185779359936714,
      0.2975222645699978,
      0.295399549305439,
      0.2894997926056385,
      0.2739110331982374,
      0.27473051607608795,
      0.26411108739674094,
      0.2679364530742168,
      0.2496363988518715,
      0.22943763673305512,
      0.23162620104849338,
      0.22535550057888032,
      0.22218865737318994,
      0.21670488558709622,
      0.2063141765445471,
      0.1978557761758566,
      0.2098914562165737,
      0.20562979616224766,
      0.1947951178252697,
      0.20529542922973631,
      0.184359635040164,
      0.19201308503746986,
      0.18685348100960256,
      0.1984784019738436,
      0.18019280292093753,
      0.15981926165521146,
      0.17156034246087074,
      0.1718835223466158,
      0.1618537750467658,
      0.1766953593492508,
      0.1765414460748434,
      0.16274683974683285,
      0.1657138992846012,
      0.16192543685436248,
      0.16481048393994568,
      0.15064440198242665,
      0.16453474074602126,
      0.18040891036391257,
      0.15379021547734736,
      0.15925487130880356,
      0.1678914589062333,
      0.14923384945839643,
      0.14991526316851378,
      0.15447004966437816,
      0.1441921066492796,
      0.15063636660575866,
      0.13822839505970477,
      0.14265925250947475,
      0.13728822708129884,
      0.1525184169411659,
      0.14293959408998488,
      0.15198818244040013,
      0.1555714451894164,
      0.13834266137331724,
      0.15039213977754115,
      0.1505594925582409,
      0.14184238970279694,
      0.13340381633490325,
      0.13155555788427592,
      0.14854723326861857,
      0.1239791664853692,
      0.13777813330292701,
      0.14857971228659153,
      0.12862430848181247,
      0.14156344961374998,
      0.13214599154889584,
      0.15212939336895942,
      0.1411921165138483,
      0.12957253865897655
    ],
    "train_acc": [
      26.5390625,
      42.3671875,
      49.3828125,
      54.34375,
      57.8046875,
      61.234375,
      64.8828125,
      67.0078125,
      69.1171875,
      70.4140625,
      71.953125,
      73.8984375,
      74.8203125,
      76.0,
      77.3203125,
      77.8125,
      78.625,
      79.2890625,
      81.3359375,
      81.390625,
      82.8984375,
      83.6171875,
      83.96875,
      84.890625,
      84.796875,
      86.375,
      86.6953125,
      87.6171875,
      88.0390625,
      88.9375,
      89.1796875,
      89.5078125,
      89.9296875,
      90.140625,
      90.1875,
      91.125,
      90.375,
      91.1640625,
      90.6640625,
      91.71875,
      92.15625,
      92.2109375,
      92.1796875,
      92.65625,
      92.578125,
      93.140625,
      93.21875,
      92.890625,
      93.296875,
      93.328125,
      93.0625,
      93.7265625,
      93.640625,
      93.6875,
      93.2578125,
      93.90625,
      94.6015625,
      94.0625,
      94.2109375,
      94.6875,
      93.6640625,
      94.1875,
      94.3984375,
      94.46875,
      94.4375,
      94.21875,
      94.875,
      94.5625,
      93.859375,
      94.8203125,
      94.5078125,
      94.4296875,
      95.1328125,
      95.0078125,
      94.75,
      95.2109375,
      94.9375,
      95.3671875,
      95.453125,
      95.4140625,
      95.1171875,
      95.109375,
      95.0,
      94.890625,
      95.5078125,
      94.9453125,
      94.953125,
      95.2265625,
      95.703125,
      95.4609375,
      95.03125,
      95.8515625,
      95.4609375,
      95.0546875,
      95.609375,
      95.0859375,
      95.7265625,
      94.984375,
      95.5,
      95.8359375
    ],
    "test_loss": [
      1.8067941129207612,
      1.5648217546939849,
      1.3257762026786803,
      1.226132531762123,
      1.2304171454906463,
      1.098853068947792,
      0.9983626717329025,
      0.9977511823177337,
      0.9580002805590629,
      0.9361929413676262,
      0.9224768167734146,
      0.8869867289066314,
      0.8617260563373565,
      0.9026414275169372,
      0.8858176273107529,
      0.8078904837369919,
      0.8402565813064575,
      0.84815445125103,
      0.8034437128901482,
      0.776736316382885,
      0.8075681501626968,
      0.8699059009552002,
      0.8024791786074639,
      0.8356463038921356,
      0.8300139221549034,
      0.857283678650856,
      0.8448004493117333,
      0.8266269138455391,
      0.900214823782444,
      0.8024706828594208,
      0.8659394586086273,
      0.8905241125822068,
      0.8963978791236877,
      0.8842129182815551,
      0.9271148675680161,
      0.8787598502635956,
      0.8348681190609932,
      0.9372263714671135,
      0.9052153554558754,
      0.891981215775013,
      0.9825764608383178,
      0.9422388404607773,
      0.9913737994432449,
      0.9098574328422546,
      1.0203996631503105,
      0.9629563102126122,
      1.0773697993159295,
      0.9824946242570877,
      0.9576133519411087,
      0.9442314997315406,
      0.9812408646941185,
      1.0122784107923508,
      0.9890908408164978,
      1.0800878843665123,
      0.9603517737984657,
      1.1622053098678589,
      1.0579483342170715,
      0.9786186841130257,
      1.0145674550533295,
      1.038137554526329,
      0.9805177080631257,
      0.9814558598399162,
      1.037509194612503,
      1.1124075967073441,
      1.1477295699715615,
      1.0384661063551903,
      1.0015946947038175,
      1.1406233859062196,
      1.1113348197937012,
      1.1643020895123481,
      1.0598304849863052,
      1.049154239296913,
      1.1234065121412278,
      1.1353092366456985,
      1.0135427463054656,
      1.0469006112217902,
      1.0431238366663456,
      1.040100528895855,
      0.9921709734201432,
      1.061424645781517,
      1.044091870188713,
      1.0610709118843078,
      1.0873451805114747,
      1.0342703351378442,
      1.1419286832213402,
      1.1098689679801463,
      1.0863546685874461,
      1.0894585797190666,
      1.1250328170508146,
      1.1513368165493012,
      1.0850873067975044,
      1.067326504290104,
      1.1198881328105927,
      1.0965061861276626,
      1.0875314648449421,
      1.0921400859951973,
      1.0826676747202872,
      1.1266162669658661,
      1.0392488625645637,
      1.11071516007185
    ],