{
  "config": {
    "run_name": "exp1_2",
    "out_dir": "results",
    "seed": 42,
    "device": "cuda",
    "bs_train": 128,
    "bs_test": 32,
    "batches": 100,
    "epochs": 100,
    "early_stopping": 8,
    "checkpoints": null,
    "lr": 0.001,
    "reg": 0.001,
    "filters_per_layer": [
      64
    ],
    "pool_every": 2,
    "hidden_dims": [
      1024
    ],
    "model_type": "cnn",
    "activation_type": "relu",
    "pooling_type": "max",
    "pooling_params": {
      "kernel_size": 2,
      "padding": 1
    },
    "conv_params": {
      "kernel_size": 3,
      "padding": 1
    },
    "activation_params": {},
    "batchnorm": true,
    "dropout": 0.1,
    "kw": {},
    "layers_per_block": 4
  },
  "results": {
    "num_epochs": 0,
    "train_loss": [
      1.954094181060791,
      1.5902252089977265,
      1.429797533750534,
      1.323189560174942,
      1.2583511465787887,
      1.183446461558342,
      1.0988771259784698,
      1.0472295624017716,
      1.0121349251270295,
      0.941107719540596,
      0.9341226452589035,
      0.9077216976881027,
      0.8575672018527984,
      0.8271075737476349,
      0.7713684242963791,
      0.7612944328784943,
      0.7254369509220123,
      0.7123423093557357,
      0.6831728243827819,
      0.6494089162349701,
      0.611623161137104,
      0.6105011960864067,
      0.5757705703377723,
      0.5467377349734306,
      0.5322250008583069,
      0.5149897512793541,
      0.4827317774295807,
      0.4595920541882515,
      0.45003691732883455,
      0.4365937772393227,
      0.4210211423039436,
      0.40425024420022965,
      0.39342361226677897,
      0.36403344079852107,
      0.37240115195512774,
      0.34293265268206596,
      0.33962521106004717,
      0.32246983006596563,
      0.3008445432782173,
      0.2857466922700405,
      0.2897734805941582,
      0.2623139449954033,
      0.2631678161025047,
      0.25912884160876276,
      0.27473447009921076,
      0.26450955256819725,
      0.23370014384388924,
      0.24293909668922425,
      0.22472345672547817,
      0.22913829684257508,
      0.21961147084832192,
      0.22487753473222255,
      0.21550257556140423,
      0.2165339734405279,
      0.20791650898754596,
      0.2010863410681486,
      0.1951981320977211,
      0.19598384998738766,
      0.1809854120761156,
      0.19225171647965908,
      0.1853645208477974,
      0.1705885984748602,
      0.181284891217947,
      0.19580596566200256,
      0.17435939207673073,
      0.17549356952309608,
      0.17095368348062037,
      0.17147678159177304,
      0.16423265002667903,
      0.17159997276961803,
      0.16364689625799655,
      0.17943591758608818,
      0.1611803226545453,
      0.17656069576740266,
      0.15100286073982716,
      0.17356663815677165,
      0.15569334369152785,
      0.15815668806433678,
      0.15184521824121475,
      0.1450786690041423,
      0.15415859423577785,
      0.15528821766376497,
      0.1587793069332838,
      0.16181376308202744,
      0.1468883193284273,
      0.1480441753193736,
      0.13834567099809647,
      0.14803175274282693,
      0.14745931059122086,
      0.15198474295437336,
      0.14482690911740065,
      0.1647320294752717,
      0.1363367536664009,
      0.15097514148801566,
      0.137633378431201,
      0.14822065997868777,
      0.15153545331209897,
      0.1453957384079695,
      0.15303666479885578,
      0.143749365657568
    ],
    "train_acc": [
      27.75,
      41.7421875,
      48.1796875,
      52.1796875,
      55.2578125,
      57.9921875,
      60.859375,
      62.9375,
      64.421875,
      66.578125,
      66.7890625,
      68.125,
      70.140625,
      71.4296875,
      73.0859375,
      73.5625,
      75.390625,
      75.59375,
      76.3515625,
      77.2734375,
      78.640625,
      79.1015625,
      80.3515625,
      81.8359375,
      81.875,
      82.46875,
      83.3515625,
      84.6015625,
      84.8203125,
      85.3203125,
      85.6015625,
      86.234375,
      86.4296875,
      87.890625,
      87.6015625,
      88.6640625,
      88.4375,
      89.1171875,
      89.875,
      90.3515625,
      90.3828125,
      91.3671875,
      91.1015625,
      91.3671875,
      90.4765625,
      91.125,
      92.3828125,
      92.0,
      92.7109375,
      92.2109375,
      92.90625,
      92.125,
      92.5078125,
      92.9609375,
      92.7890625,
      93.0078125,
      93.484375,
      93.6796875,
      93.90625,
      93.5078125,
      93.71875,
      94.4921875,
      94.015625,
      93.4296875,
      94.125,
      94.0625,
      94.2109375,
      94.0078125,
      94.3515625,
      94.25,
      94.5859375,
      93.7109375,
      94.4765625,
      94.0703125,
      94.859375,
      94.078125,
      94.75,
      94.5546875,
      95.0,
      94.9453125,
      94.8046875,
      94.8359375,
      94.734375,
      94.625,
      94.9765625,
      95.15625,
      95.265625,
      94.9765625,
      95.0859375,
      95.046875,
      95.25,
      94.546875,
      95.375,
      95.1484375,
      95.0859375,
      95.03125,
      94.9921875,
      95.125,
      94.9453125,
      95.3046875
    ],
    "test_loss": [
      1.642263629436493,
      1.466340684890747,
      1.3709943008422851,
      1.3098097515106202,
      1.222116969227791,
      1.1940365105867385,
      1.0900170809030534,
      1.0943803530931473,
      1.0417957544326781,
      1.013800619840622,
      1.048595660328865,
      0.9133903574943543,
      0.9103220784664154,
      0.9731335920095444,
      0.9011927059292794,
      0.857044383585453,
      0.890960913002491,
      0.8804112607240677,
      0.912019402384758,
      0.8702246204018593,
      0.9409716770052909,
      0.8957311275601387,
      0.8523461425304413,
      0.8925015047192574,
      0.8675984969735145,
      0.8599614727497101,
      0.817378081381321,
      0.8509181964397431,
      0.8509868276119232,
      0.8479954707622528,
      0.8423971644043923,
      0.9144800806045532,
      0.9077832517027855,
      0.9203400847315788,
      0.9254048424959183,
      0.99747986972332,
      1.0043204206228256,
      0.9463472762703895,
      0.9675971022248269,
      0.959651752114296,
      0.9442681470513343,
      0.9445117044448853,
      1.0032485345005988,
      0.9762146139144897,
      0.9459867897629738,
      0.9726490312814713,
      0.9183988526463509,
      0.9755752292275429,
      0.9091215398907662,
      1.0080948498845101,
      1.030184679031372,
      1.0480187568068504,
      1.0580471760034562,
      0.9743284273147583,
      1.060700152516365,
      0.9812196758389473,
      1.0801695753633975,
      1.0782152011990547,
      1.0536922162771225,
      1.0390893602371216,
      1.083814275562763,
      1.0315748189389706,
      1.0880175003409385,
      1.0484289634227753,
      1.0235939648747445,
      1.1169450795650482,
      1.0985849070549012,
      1.091578806936741,
      1.0922368249297143,
      1.1199761152267456,
      1.1585722434520722,
      1.0485383519530296,
      1.13514436930418,
      1.1622013229131698,
      1.1667948439717293,
      1.1046496695280075,
      1.1503498244285584,
      1.061936032474041,
      1.1823060238361358,
      1.1693647530674935,
      1.128513673245907,
      1.1530354616045952,
      1.1447157874703406,
      1.21701888859272,
      1.27120223402977,
      1.0826813086867333,
      1.1384462434053422,
      1.0933009949326515,
      1.129782992079854,
      1.1103557965159416,
      1.1769746144115925,
      1.1049962985515593,
      1.143053492307663,
      1.1287916360795498,
      1.1471467787027358,
      1.0384605866670609,
      1.1836125008761882,
      1.191129600405693,
      1.1189749026298523,
      1.1842386686801911
    ],