{
  "config": {
    "run_name": "exp1_3",
    "out_dir": "results",
    "seed": 42,
    "device": "cuda",
    "bs_train": 128,
    "bs_test": 32,
    "batches": 100,
    "epochs": 100,
    "early_stopping": 8,
    "checkpoints": null,
    "lr": 0.001,
    "reg": 0.001,
    "filters_per_layer": [
      64,
      128,
      256
    ],
    "pool_every": 1,
    "hidden_dims": [
      1024
    ],
    "model_type": "cnn",
    "activation_type": "relu",
    "pooling_type": "max",
    "pooling_params": {
      "kernel_size": 2,
      "padding": 1
    },
    "conv_params": {
      "kernel_size": 3,
      "padding": 1
    },
    "activation_params": {},
    "batchnorm": true,
    "dropout": 0.1,
    "kw": {},
    "layers_per_block": 2
  },
  "results": {
    "num_epochs": 0,
    "train_loss": [
      2.1730425226688386,
      1.8910879218578338,
      1.691485322713852,
      1.6033615636825562,
      1.463967707157135,
      1.3861237895488738,
      1.3495798778533936,
      1.298678115606308,
      1.2363266241550446,
      1.1882321918010712,
      1.1552142369747163,
      1.102371032834053,
      1.0799816113710403,
      1.0409539359807969,
      1.0329198837280273,
      0.962594850063324,
      0.9588587778806686,
      0.9471878731250762,
      0.9186071956157684,
      0.8744494962692261,
      0.8637181174755096,
      0.8211508506536483,
      0.8236149245500565,
      0.7894063127040863,
      0.7788518100976944,
      0.765877119898796,
      0.7564942294359207,
      0.736468967795372,
      0.7004560166597367,
      0.6986175137758255,
      0.696971351802349,
      0.6677504080533981,
      0.6661897480487824,
      0.6534105405211449,
      0.6329987001419067,
      0.6076767417788506,
      0.6139331310987473,
      0.592121334373951,
      0.5929233795404434,
      0.5694280222058297,
      0.5425149685144425,
      0.5504200866818428,
      0.560155445933342,
      0.5281477946043015,
      0.4972937121987343,
      0.5255623263120651,
      0.5081590169668198,
      0.48300969213247297,
      0.4870945593714714,
      0.48541325479745867,
      0.46018813699483874,
      0.45849864691495895,
      0.4518527364730835,
      0.4392084358632565,
      0.4705764776468277,
      0.4249324506521225,
      0.4300543224811554,
      0.411573771238327,
      0.4154793772101402,
      0.39613322883844376,
      0.3977641446888447,
      0.3965223528444767,
      0.3666404376924038,
      0.3846586537361145,
      0.3790062290430069,
      0.36860621482133865,
      0.3561527279019356,
      0.37109554022550584,
      0.36355433806777,
      0.3374529168009758,
      0.3490705536305904,
      0.34772234067320823,
      0.33714512690901755,
      0.3241912806034088,
      0.3035042281448841,
      0.331679135710001,
      0.3075450810790062,
      0.30556235283613203,
      0.2776980309188366,
      0.29803127706050875,
      0.30602944880723953,
      0.2908590267598629,
      0.271834973692894,
      0.26888383746147154,
      0.2734476152062416,
      0.27726985946297644,
      0.28208076253533365,
      0.25051695972681043,
      0.26653696030378343,
      0.25940325781702994,
      0.23286961123347283,
      0.2827651259303093,
      0.2756030325591564,
      0.26481671415269376,
      0.23514407694339753,
      0.24633510082960128,
      0.23711337849497796,
      0.2254636839032173,
      0.24059216119349003,
      0.24394822239875794
    ],
    "train_acc": [
      16.03125,
      26.4609375,
      35.1953125,
      38.7578125,
      44.6328125,
      48.484375,
      50.15625,
      51.875,
      54.71875,
      56.4921875,
      57.2265625,
      59.921875,
      60.78125,
      62.2890625,
      62.3828125,
      64.609375,
      64.890625,
      65.84375,
      66.8046875,
      68.484375,
      69.34375,
      70.625,
      70.4453125,
      71.375,
      72.2265625,
      72.6796875,
      73.1640625,
      74.3515625,
      75.2734375,
      75.40625,
      75.3984375,
      76.765625,
      76.8671875,
      76.796875,
      77.578125,
      78.7734375,
      78.4609375,
      79.6640625,
      79.2578125,
      79.7109375,
      81.140625,
      80.6640625,
      80.609375,
      81.8125,
      82.796875,
      81.875,
      82.0390625,
      83.390625,
      82.9375,
      83.21875,
      83.984375,
      84.4296875,
      84.1484375,
      84.625,
      83.515625,
      85.34375,
      85.21875,
      85.421875,
      85.6875,
      86.4453125,
      85.984375,
      86.3359375,
      87.3828125,
      86.8515625,
      86.7578125,
      87.2421875,
      87.7890625,
      87.0546875,
      87.4609375,
      88.0703125,
      88.0234375,
      88.1015625,
      88.0625,
      89.0234375,
      89.53125,
      88.5234375,
      89.53125,
      89.640625,
      90.2265625,
      89.6953125,
      89.3671875,
      90.15625,
      90.796875,
      91.15625,
      90.734375,
      90.0859375,
      90.21875,
      91.3984375,
      90.7890625,
      91.0625,
      92.1171875,
      90.3359375,
      90.6953125,
      90.875,
      91.984375,
      91.2109375,
      91.96875,
      92.203125,
      91.75,
      91.4375
    ],
    "test_loss": [
      2.020295834541321,
      1.761108444929123,
      1.5887091672420501,
      1.4810085999965668,
      1.448170496225357,
      1.3385438013076782,
      1.3905292516946792,
      1.3262458103895187,
      1.1842118000984192,
      1.1717346614599229,
      1.1150764912366866,
      1.1727335661649705,
      1.1619929552078248,
      1.052321943640709,
      1.048973754644394,
      1.0586565417051315,
      1.2576599895954133,
      0.9505586177110672,
      0.9844262236356736,
      0.9417824894189835,
      0.9444704967737197,
      0.9833856648206711,
      0.9376974314451217,
      0.8757990050315857,
      0.8897080472111702,
      0.869960914850235,
      0.8422496375441552,
      0.9063136637210846,
      0.8205727711319923,
      0.8287152653932571,
      0.8111531189084054,
      0.861514185667038,
      0.8450255227088929,
      0.8739309892058372,
      0.7915942552685737,
      0.8296627327799797,
      0.7983791601657867,
      0.7812823939323426,
      0.8409287875890732,
      0.7883701089024544,
      0.8002784124016762,
      0.7767260426282883,
      0.8246954801678658,
      0.7717567200958729,
      0.7826143628358841,
      0.7990850764513016,
      0.7967811253666878,
      0.803590412735939,
      0.7568374681472778,
      0.8180031168460846,
      0.8454237270355225,
      0.788984343111515,
      0.8269555443525314,
      0.8646130377054214,
      0.8717462426424026,
      0.8044295743107795,
      0.8198152238130569,
      0.8325039078295231,
      0.8297944989800453,
      0.8357585471868515,
      0.8111328637599945,
      0.7340163972973823,
      0.773226104080677,
      0.8267866593599319,
      0.8081773662567139,
      0.7888184955716133,
      0.8953644175827503,
      0.825398825109005,
      0.8234544250369072,
      0.7769700248539447,
      0.8825712409615517,
      0.8490562112629414,
      0.8509051808714867,
      0.7939533719420433,
      0.8840793478488922,
      0.8490628534555436,
      0.8788177436590194,
      0.8677238816022873,
      0.821917200088501,
      0.8570292863249779,
      0.7540929864346981,
      0.8931834378838539,
      0.8524070882797241,
      0.8731944394111634,
      0.9162959775328636,
      0.8574879419803619,
      0.8844477041065693,
      0.900974218994379,
      0.9051766455173492,
      0.9228990048170089,
      0.9167030417919159,
      0.8174016940593719,
      0.9303772926330567,
      0.8636329963803291,
      0.9260087099671364,
      0.940256177186966,
      0.9019933368265629,
      0.8907131472229958,
      0.9632349897921085,
      0.8815055856108666
    ],