{
  "config": {
    "run_name": "exp1_2",
    "out_dir": "results",
    "seed": 42,
    "device": "cuda",
    "bs_train": 128,
    "bs_test": 32,
    "batches": 100,
    "epochs": 100,
    "early_stopping": 8,
    "checkpoints": null,
    "lr": 0.001,
    "reg": 0.001,
    "filters_per_layer": [
      64
    ],
    "pool_every": 3,
    "hidden_dims": [
      1024
    ],
    "model_type": "cnn",
    "activation_type": "relu",
    "pooling_type": "max",
    "pooling_params": {
      "kernel_size": 2,
      "padding": 1
    },
    "conv_params": {
      "kernel_size": 3,
      "padding": 1
    },
    "activation_params": {},
    "batchnorm": true,
    "dropout": 0.1,
    "kw": {},
    "layers_per_block": 8
  },
  "results": {
    "num_epochs": 0,
    "train_loss": [
      2.303329906463623,
      2.3027075290679933,
      2.3028637313842775,
      2.302622618675232,
      2.302733519077301,
      2.3027244877815245,
      2.302719385623932,
      2.3026775765419005,
      2.302552161216736
    ],
    "train_acc": [
      9.5390625,
      10.265625,
      9.828125,
      9.8046875,
      9.875,
      9.9609375,
      9.390625,
      9.9765625,
      9.7890625
    ],
    "test_loss": [
      2.3020298981666567,
      2.3026518702507017,
      2.302376823425293,
      2.302841272354126,
      2.3024140095710752,
      2.302392430305481,
      2.3026476883888245,
      2.302658324241638,
      2.302403304576874
    ],
    "test_acc": [
      10.59375,
      10.0625,
      11.125,
      8.90625,
      10.8125,
      10.6875,
      9.8125,
      9.71875,
      10.34375
    ]
  }
}