{
  "config": {
    "run_name": "exp1_3",
    "out_dir": "results",
    "seed": 42,
    "device": "cuda",
    "bs_train": 128,
    "bs_test": 32,
    "batches": 100,
    "epochs": 100,
    "early_stopping": 8,
    "checkpoints": null,
    "lr": 0.001,
    "reg": 0.001,
    "filters_per_layer": [
      64,
      128,
      256
    ],
    "pool_every": 1,
    "hidden_dims": [
      1024
    ],
    "model_type": "cnn",
    "activation_type": "relu",
    "pooling_type": "max",
    "pooling_params": {
      "kernel_size": 2,
      "padding": 1
    },
    "conv_params": {
      "kernel_size": 3,
      "padding": 1
    },
    "activation_params": {},
    "batchnorm": true,
    "dropout": 0.1,
    "kw": {},
    "layers_per_block": 1
  },
  "results": {
    "num_epochs": 0,
    "train_loss": [
      1.8868258643150329,
      1.5320468950271606,
      1.3893334507942199,
      1.2722057807445526,
      1.1901777058839798,
      1.1024834442138671,
      1.0565672141313553,
      1.0212800508737565,
      0.9719869744777679,
      0.9476745557785035,
      0.9064159268140792,
      0.8588356131315231,
      0.8455782604217529,
      0.8276660346984863,
      0.7779955261945725,
      0.7603338462114334,
      0.7541225790977478,
      0.7229834806919098,
      0.7036284953355789,
      0.6732635155320168,
      0.6833918136358261,
      0.6603302162885666,
      0.6381487444043159,
      0.615661906003952,
      0.6117318093776702,
      0.5935336017608642,
      0.5781531250476837,
      0.5961787241697312,
      0.5629312896728516,
      0.5415935912728309,
      0.514981922507286,
      0.5307297810912133,
      0.5446908190846443,
      0.49713682174682616,
      0.5109769821166992,
      0.4806294345855713,
      0.47504990071058273,
      0.4792788374423981,
      0.4332444068789482,
      0.4489703354239464,
      0.4280505977571011,
      0.4408092525601387,
      0.4096627400815487,
      0.41318432092666624,
      0.39535870745778084,
      0.4024133937060833,
      0.3793173032999039,
      0.3882942447066307,
      0.39460763782262803,
      0.37074255585670474,
      0.3508253201842308,
      0.347598393112421,
      0.3437575916945934,
      0.34709189251065253,
      0.3369613665342331,
      0.329865520298481,
      0.318734226077795,
      0.30803161263465884,
      0.31817672997713087,
      0.2975656215846538,
      0.3048864252865314,
      0.29699781686067583,
      0.2891784407198429,
      0.2782903012633324,
      0.27100822106003764,
      0.2889048212766647,
      0.2773707142472267,
      0.2646606992185116,
      0.26735318124294283,
      0.2579444822669029,
      0.2608445416390896,
      0.2603037728369236,
      0.2553132785856724,
      0.25215486079454424,
      0.2443948981165886,
      0.23213824033737182,
      0.23718468479812146,
      0.2347977167367935,
      0.24174728929996492,
      0.22489011108875276,
      0.22091084241867065,
      0.23176794953644275,
      0.22327575996518134,
      0.21511890329420566,
      0.19894399985671044,
      0.21675536535680295,
      0.2005540844798088,
      0.20141106262803077,
      0.21127441704273223,
      0.206736803278327,
      0.20874879889190198,
      0.2029533436149359,
      0.2146030354499817,
      0.19985914774239064,
      0.2082774083316326,
      0.19285890214145185,
      0.20084427610039712,
      0.1869934207946062,
      0.19422390580177307,
      0.18052876107394694
    ],
    "train_acc": [
      30.375,
      43.796875,
      49.1796875,
      53.90625,
      57.453125,
      61.015625,
      62.3203125,
      63.578125,
      65.484375,
      67.1171875,
      68.0859375,
      69.734375,
      70.6328125,
      70.8125,
      72.734375,
      73.7265625,
      73.8359375,
      75.2109375,
      75.3359375,
      76.4375,
      76.21875,
      77.328125,
      77.90625,
      78.390625,
      78.6015625,
      79.484375,
      79.8828125,
      79.0859375,
      80.6015625,
      81.53125,
      82.0546875,
      81.765625,
      81.2421875,
      82.9921875,
      82.296875,
      83.4921875,
      83.546875,
      83.75,
      85.3046875,
      84.8125,
      85.4375,
      84.796875,
      86.2265625,
      85.7890625,
      86.3515625,
      86.203125,
      87.375,
      87.0390625,
      86.546875,
      87.265625,
      88.2421875,
      88.265625,
      88.5703125,
      88.3046875,
      88.84375,
      88.90625,
      89.1796875,
      89.8125,
      89.0703125,
      90.0625,
      90.0234375,
      89.953125,
      90.4765625,
      90.7578125,
      91.109375,
      90.2578125,
      90.6015625,
      91.25,
      91.0703125,
      91.2890625,
      91.1875,
      91.421875,
      91.515625,
      91.6328125,
      91.59375,
      92.4375,
      92.1484375,
      92.0859375,
      92.125,
      92.5625,
      92.765625,
      92.390625,
      92.703125,
      93.0546875,
      93.65625,
      92.8359375,
      93.4609375,
      93.5,
      92.9453125,
      93.5703125,
      93.1796875,
      93.2421875,
      92.875,
      93.4609375,
      93.2421875,
      93.6171875,
      93.5625,
      93.8359375,
      93.625,
      94.2109375
    ],
    "test_loss": [
      1.5740896666049957,
      1.4499983537197112,
      1.3115814143419267,
      1.206619159579277,
      1.1389827191829682,
      1.099195801615715,
      1.0230665588378907,
      1.0697975450754165,
      1.0024405121803284,
      0.950003103017807,
      0.9149641698598862,
      0.934803900718689,
      0.882605801820755,
      0.9209332638978958,
      0.8918941676616668,
      0.8515503692626953,
      0.8455694660544395,
      0.8508255302906036,
      0.8488336861133575,
      0.7616963940858841,
      0.7908520603179932,
      0.7738935181498527,
      0.7918749988079071,
      0.7876267859339714,
      0.7132326883077621,
      0.7896984207630158,
      0.7774644306302071,
      0.7528420427441597,
      0.7830379801988602,
      0.72133017629385,
      0.7295649565756321,
      0.7639506837725639,
      0.7169060835242271,
      0.7082952424883843,
      0.7011243847012519,
      0.7027556228637696,
      0.6823457211256028,
      0.6910469508171082,
      0.759749999344349,
      0.7055526004731655,
      0.7476420992612839,
      0.7157800069451332,
      0.7080408369004726,
      0.7313679477572441,
      0.7046572606265545,
      0.7423276507854462,
      0.779033525288105,
      0.6999799010157585,
      0.7821411362290382,
      0.786939070224762,
      0.7340934333205223,
      0.7306779123842716,
      0.7518750029802322,
      0.7002814954519272,
      0.7144350492954255,
      0.7217122691869736,
      0.8049054056406021,
      0.7509965017437935,
      0.7536296167969704,
      0.7504920956492424,
      0.7289315901696682,
      0.7425352191925049,
      0.7514510762691498,
      0.6998920738697052,
      0.7009064441919327,
      0.7451357102394104,
      0.6920865067839622,
      0.7543067790567874,
      0.7547580334544182,
      0.8077395941317081,
      0.7513590101897717,
      0.7668125209212303,
      0.7765176351368427,
      0.7407647269964218,
      0.7578978540003299,
      0.7707137826085091,
      0.7486648063361645,
      0.7677926468849182,
      0.731162423491478,
      0.8564365652203559,
      0.7177112637460232,
      0.8010783955454827,
      0.7565084090828895,
      0.7872219531238079,
      0.8033070492744446,
      0.8225139367580414,
      0.7633185675740242,
      0.8225586631894112,
      0.838303129374981,
      0.8203601437807083,
      0.7825250180065632,
      0.8384516805410385,
      0.8325778260827065,
      0.8072059544920921,
      0.770012712776661,
      0.8514333654940128,
      0.8281608040630818,
      0.7414122438430786,
      0.7742086580395698,
      0.764651201814413
    ],