{
  "config": {
    "run_name": "exp1_2",
    "out_dir": "results",
    "seed": 42,
    "device": "cuda",
    "bs_train": 128,
    "bs_test": 32,
    "batches": 100,
    "epochs": 100,
    "early_stopping": 8,
    "checkpoints": null,
    "lr": 0.001,
    "reg": 0.001,
    "filters_per_layer": [
      32
    ],
    "pool_every": 3,
    "hidden_dims": [
      1024
    ],
    "model_type": "cnn",
    "activation_type": "relu",
    "pooling_type": "max",
    "pooling_params": {
      "kernel_size": 2,
      "padding": 1
    },
    "conv_params": {
      "kernel_size": 3,
      "padding": 1
    },
    "activation_params": {},
    "batchnorm": true,
    "dropout": 0.1,
    "kw": {},
    "layers_per_block": 8
  },
  "results": {
    "num_epochs": 0,
    "train_loss": [
      2.3031412601470946,
      2.3029173731803896,
      2.3027256655693056,
      2.3027110362052916,
      2.3027329730987547,
      2.3026826310157777,
      2.302755889892578,
      2.3026695322990416,
      2.3027278923988344
    ],
    "train_acc": [
      10.296875,
      10.03125,
      9.6953125,
      10.1796875,
      9.53125,
      9.6171875,
      9.828125,
      9.875,
      9.6640625
    ],
    "test_loss": [
      2.302933785915375,
      2.3028229689598083,
      2.302547240257263,
      2.3028547382354736,
      2.3024605202674864,
      2.302384262084961,
      2.3026719665527344,
      2.3022824120521546,
      2.302625148296356
    ],
    "test_acc": [
      10.3125,
      9.8125,
      10.0625,
      9.90625,
      9.40625,
      9.75,
      10.03125,
      10.71875,
      10.09375
    ]
  }
}