{
  "config": {
    "run_name": "exp1_4",
    "out_dir": "results",
    "seed": 42,
    "device": "cuda",
    "bs_train": 128,
    "bs_test": 32,
    "batches": 100,
    "epochs": 100,
    "early_stopping": 4,
    "checkpoints": null,
    "lr": 0.001,
    "reg": 0.001,
    "filters_per_layer": [
      64,
      128,
      256
    ],
    "pool_every": 3,
    "hidden_dims": [
      1024
    ],
    "model_type": "resnet",
    "activation_type": "relu",
    "pooling_type": "max",
    "pooling_params": {
      "kernel_size": 2,
      "padding": 1
    },
    "conv_params": {
      "kernel_size": 3,
      "padding": 1
    },
    "activation_params": {},
    "batchnorm": true,
    "dropout": 0.1,
    "kw": {},
    "layers_per_block": 4
  },
  "results": {
    "num_epochs": 0,
    "train_loss": [
      2.0270891785621643,
      1.6587297761440276,
      1.5237100231647491,
      1.4060897815227509,
      1.2873315191268921,
      1.2170738744735718,
      1.1201331782341004,
      1.0527722150087357,
      0.9862111192941666,
      0.9320745468139648,
      0.9017441469430924,
      0.8504882264137268,
      0.8356067669391632,
      0.7864856135845184,
      0.7795809835195542,
      0.7482860273122788,
      0.7173129770159722,
      0.7037331837415696,
      0.6923153734207154,
      0.6669302091002465,
      0.6671682652831078,
      0.6538680267333984,
      0.6290634706616401,
      0.6283236765861511,
      0.6045751160383225,
      0.6033916708827018,
      0.5850111976265907,
      0.5703991982340813,
      0.568107847571373,
      0.5645865446329117,
      0.5547721463441849,
      0.5321585246920586,
      0.5374699792265892,
      0.5295700097084045,
      0.518712829053402,
      0.493544405400753,
      0.50645961612463,
      0.48918278962373735,
      0.4796520069241524,
      0.4765660321712494,
      0.47851756125688555,
      0.47046771496534345,
      0.47117681562900543,
      0.4634780442714691,
      0.44650918811559676,
      0.4507903924584389,
      0.43522962391376496,
      0.4391201946139336,
      0.44138936877250673,
      0.4268591932952404,
      0.42039327293634415,
      0.4129039192199707,
      0.41242181569337844,
      0.42245899453759195,
      0.41141215831041333,
      0.4089547598361969,
      0.401860034018755,
      0.4022106356918812,
      0.3976444602012634,
      0.38540241196751596,
      0.3906499880552292,
      0.3645094133913517,
      0.3792326945066452,
      0.38374476492404935,
      0.37311330616474153,
      0.37232579201459887,
      0.36427230447530745,
      0.3482197287678719,
      0.35507987037301064,
      0.34781942337751387,
      0.3531412041187286,
      0.3604560935497284,
      0.35843627706170084,
      0.3422289578616619,
      0.3464209099113941,
      0.353379629701376,
      0.3535542534291744,
      0.33691873580217363,
      0.3427515082061291,
      0.3470892882347107,
      0.33471488431096075,
      0.32707987233996394,
      0.3204449659585953,
      0.34427855283021924,
      0.3207112897932529,
      0.33428767934441567,
      0.3252056404948235,
      0.32632033750414846,
      0.313012623488903,
      0.33219379976391794,
      0.29889104053378107,
      0.3094001512229443,
      0.3209079468250275,
      0.30426052257418634,
      0.3278618121147156,
      0.31306772023439405,
      0.31483612656593324,
      0.3079276502132416,
      0.30841797262430193,
      0.30353659868240357
    ],
    "train_acc": [
      24.8984375,
      37.75,
      43.2265625,
      48.265625,
      53.0390625,
      56.0546875,
      59.8671875,
      62.0703125,
      64.6796875,
      66.5390625,
      67.921875,
      69.734375,
      70.9453125,
      71.8984375,
      72.734375,
      73.8046875,
      74.546875,
      75.2734375,
      75.546875,
      76.3984375,
      76.8984375,
      77.0546875,
      78.0234375,
      77.875,
      78.609375,
      78.8359375,
      79.921875,
      80.2890625,
      80.1796875,
      80.484375,
      80.7734375,
      81.3359375,
      81.5,
      81.609375,
      82.2109375,
      83.2421875,
      82.1875,
      82.953125,
      83.546875,
      83.125,
      83.6796875,
      83.6953125,
      83.796875,
      83.84375,
      84.515625,
      84.453125,
      85.2890625,
      84.6328125,
      84.359375,
      85.2109375,
      85.375,
      85.8984375,
      85.8828125,
      85.2109375,
      85.9140625,
      85.8046875,
      85.75,
      86.3671875,
      85.890625,
      86.8359375,
      86.78125,
      87.53125,
      86.7578125,
      86.8359375,
      87.1484375,
      87.1171875,
      87.6640625,
      88.3359375,
      87.828125,
      87.8984375,
      87.6796875,
      87.71875,
      87.546875,
      88.1875,
      88.2578125,
      88.1640625,
      87.578125,
      88.28125,
      88.109375,
      87.9921875,
      88.2890625,
      88.8203125,
      89.015625,
      88.0078125,
      88.9765625,
      88.4765625,
      88.8125,
      88.8828125,
      89.03125,
      88.7890625,
      89.7421875,
      89.1015625,
      89.078125,
      89.453125,
      88.5625,
      89.171875,
      89.1953125,
      89.5703125,
      89.2109375,
      89.640625
    ],
    "test_loss": [
      2.080728396177292,
      1.929851393699646,
      1.451656858921051,
      1.3094378644227982,
      1.2942142599821091,
      1.2620116204023362,
      1.0825695139169693,
      1.0295933890342712,
      0.9652383065223694,
      0.9252593579888344,
      0.9254814687371254,
      0.8541521355509758,
      0.9046931228041649,
      0.8338925504684448,
      0.7475351828336716,
      0.8621939191222191,
      0.7378116142749787,
      0.7461080074310302,
      0.6747471544146538,
      0.8259506937861443,
      0.8777954614162445,
      0.6887900149822235,
      0.7016533622145653,
      0.6333735516667366,
      0.6768668353557586,
      0.7818956305086613,
      0.7633144557476044,
      0.6195089116692543,
      0.70456626445055,
      0.6801228335499764,
      0.6686730583012104,
      0.5956736180186272,
      0.7252637742459774,
      0.6246881183981895,
      0.7121352535486222,
      0.6644231498241424,
      0.677181805819273,
      0.7115387246012688,
      0.6354457277059555,
      0.5150839099287987,
      0.603591513633728,
      0.6651575809717178,
      0.5482726208865643,
      0.6223008224368095,
      0.500349793881178,
      0.5355765073001385,
      0.75450131341815,
      0.530450818091631,
      0.49764901012182233,
      0.5653861078619957,
      0.5357423558831215,
      0.5970956300199032,
      0.5483981114625931,
      0.5938273085653782,
      0.5267502661049366,
      0.5931979122757912,
      0.5783625487983227,
      0.55876494795084,
      0.4970679746568203,
      0.6091446143388748,
      0.5652064158767461,
      0.5160247132182121,
      0.6151353761553764,
      0.5283018496632576,
      0.5547799842059612,
      0.547894593924284,
      0.5117722888290882,
      0.5370429523289204,
      0.5113837112486362,
      0.5448706440627575,
      0.5795017796754837,
      0.5179184840619564,
      0.49649825036525724,
      0.6215130308270455,
      0.49455633625388146,
      0.5655077850818634,
      0.5295559115707874,
      0.5541418894380331,
      0.5567546026408672,
      0.5378523522615433,
      0.542017575725913,
      0.5030201640352607,
      0.5072514808177948,
      0.561340162307024,
      0.5479583390057087,
      0.5432859800755978,
      0.6011049860715866,
      0.5628101804852486,
      0.49675760496407745,
      0.5494040428102016,
      0.5182765454053879,
      0.558010885566473,
      0.543850723952055,
      0.5878757865726948,
      0.521168876811862,
      0.540203716903925,
      0.5512494884431363,
      0.5466355413198472,
      0.5926885103434324,
      0.5511739785969257
    ],