{
  "config": {
    "run_name": "exp1_2",
    "out_dir": "results",
    "seed": 42,
    "device": "cuda",
    "bs_train": 128,
    "bs_test": 32,
    "batches": 100,
    "epochs": 100,
    "early_stopping": 8,
    "checkpoints": null,
    "lr": 0.001,
    "reg": 0.001,
    "filters_per_layer": [
      256
    ],
    "pool_every": 3,
    "hidden_dims": [
      1024
    ],
    "model_type": "cnn",
    "activation_type": "relu",
    "pooling_type": "max",
    "pooling_params": {
      "kernel_size": 2,
      "padding": 1
    },
    "conv_params": {
      "kernel_size": 3,
      "padding": 1
    },
    "activation_params": {},
    "batchnorm": true,
    "dropout": 0.1,
    "kw": {},
    "layers_per_block": 8
  },
  "results": {
    "num_epochs": 0,
    "train_loss": [
      2.3030171847343444,
      2.302880709171295,
      2.3027000999450684,
      2.302807455062866,
      2.302688629627228,
      2.302737753391266,
      2.3025323224067686,
      2.3027399230003356,
      2.302688262462616
    ],
    "train_acc": [
      10.21875,
      9.8984375,
      9.953125,
      9.5625,
      9.984375,
      10.109375,
      10.1328125,
      10.0859375,
      10.046875
    ],
    "test_loss": [
      2.3033793663978575,
      2.3025118494033814,
      2.30290043592453,
      2.302507519721985,
      2.3028706073760987,
      2.302662482261658,
      2.3032012701034548,
      2.302623963356018,
      2.3025771498680117
    ],
    "test_acc": [
      10.0625,
      10.125,
      9.78125,
      10.0,
      8.9375,
      10.53125,
      9.5,
      10.03125,
      9.65625
    ]
  }
}