{
  "config": {
    "run_name": "exp1_3",
    "out_dir": "results",
    "seed": 42,
    "device": "cuda",
    "bs_train": 128,
    "bs_test": 32,
    "batches": 100,
    "epochs": 100,
    "early_stopping": 8,
    "checkpoints": null,
    "lr": 0.001,
    "reg": 0.001,
    "filters_per_layer": [
      64,
      128,
      256
    ],
    "pool_every": 3,
    "hidden_dims": [
      1024
    ],
    "model_type": "cnn",
    "activation_type": "relu",
    "pooling_type": "max",
    "pooling_params": {
      "kernel_size": 2,
      "padding": 1
    },
    "conv_params": {
      "kernel_size": 3,
      "padding": 1
    },
    "activation_params": {},
    "batchnorm": true,
    "dropout": 0.1,
    "kw": {},
    "layers_per_block": 4
  },
  "results": {
    "num_epochs": 0,
    "train_loss": [
      2.3031836271286013,
      2.302879955768585,
      2.3027933859825134,
      2.302651512622833,
      2.302653591632843,
      2.30269419670105,
      2.3027291822433473,
      2.302618246078491,
      2.3027541995048524
    ],
    "train_acc": [
      9.8828125,
      10.125,
      9.8125,
      9.9765625,
      10.375,
      9.6953125,
      9.71875,
      10.1640625,
      9.4921875
    ],
    "test_loss": [
      2.30270614862442,
      2.3027006149291993,
      2.3027037596702575,
      2.30259813785553,
      2.302591419219971,
      2.302648642063141,
      2.30254026889801,
      2.3024493885040282,
      2.3028504467010498
    ],
    "test_acc": [
      9.125,
      10.28125,
      10.09375,
      10.28125,
      10.0625,
      10.375,
      10.625,
      10.71875,
      9.34375
    ]
  }
}