{
  "config": {
    "run_name": "exp1_2",
    "out_dir": "results",
    "seed": 42,
    "device": "cuda",
    "bs_train": 128,
    "bs_test": 32,
    "batches": 100,
    "epochs": 100,
    "early_stopping": 8,
    "checkpoints": null,
    "lr": 0.001,
    "reg": 0.001,
    "filters_per_layer": [
      128
    ],
    "pool_every": 2,
    "hidden_dims": [
      1024
    ],
    "model_type": "cnn",
    "activation_type": "relu",
    "pooling_type": "max",
    "pooling_params": {
      "kernel_size": 2,
      "padding": 1
    },
    "conv_params": {
      "kernel_size": 3,
      "padding": 1
    },
    "activation_params": {},
    "batchnorm": true,
    "dropout": 0.1,
    "kw": {},
    "layers_per_block": 4
  },
  "results": {
    "num_epochs": 0,
    "train_loss": [
      2.005365914106369,
      1.6211870861053468,
      1.40687495470047,
      1.2579632771015168,
      1.1892490041255952,
      1.0913903802633285,
      1.03304374396801,
      0.9843378549814225,
      0.9240212768316269,
      0.8838887232542038,
      0.8472605407238006,
      0.8126632630825043,
      0.775388070344925,
      0.7358256468176841,
      0.7137698847055435,
      0.6972539120912552,
      0.657972260415554,
      0.6180235782265663,
      0.587831512093544,
      0.5714061447978019,
      0.5362090292572975,
      0.5147200617194175,
      0.49606235653162,
      0.49258745193481446,
      0.4478513157367706,
      0.43616210758686064,
      0.4074562594294548,
      0.39200839325785636,
      0.38743052035570147,
      0.37377204090356825,
      0.3695775091648102,
      0.33937789261341095,
      0.32012199848890305,
      0.3260603618621826,
      0.3253549474477768,
      0.2932910073548555,
      0.28608397871255875,
      0.2758715145289898,
      0.2725218491256237,
      0.2589944553375244,
      0.2550598406046629,
      0.23332416415214538,
      0.23793647274374963,
      0.229242063164711,
      0.23209766641259194,
      0.23236643701791762,
      0.22518510289490223,
      0.22540268316864967,
      0.21611787229776383,
      0.20955744594335557,
      0.21703964129090308,
      0.20088828161358832,
      0.19475728459656239,
      0.20092819578945637,
      0.19565959490835666,
      0.17738992102444173,
      0.18246520146727563,
      0.16483321592211722,
      0.18358913980424404,
      0.18941984385251998,
      0.16710367284715175,
      0.17148601964116097,
      0.1646077298372984,
      0.16629518739879132,
      0.18321765698492526,
      0.1669553378224373,
      0.1826824949681759,
      0.16909997716546057,
      0.15519024491310118,
      0.16560191825032233,
      0.16076236806809902,
      0.16387952141463757,
      0.16485059142112732,
      0.15668113738298417,
      0.15014388415962457,
      0.15458395667374134,
      0.15421792589128017,
      0.15588328726589679,
      0.13224925603717566,
      0.14351092346012592,
      0.15322850581258535,
      0.1459935049340129,
      0.1397551130875945,
      0.1546225616335869,
      0.1477171692252159,
      0.1444334876909852,
      0.1523598223179579,
      0.14725501548498868,
      0.14292290553450585,
      0.15537206847220658,
      0.13604040548205376,
      0.13881314355880023,
      0.14593284837901593,
      0.13613747272640467,
      0.13220644772052764,
      0.12899191476404667,
      0.1348269711062312,
      0.144460409283638,
      0.15317577723413706,
      0.12801798559725286
    ],
    "train_acc": [
      26.375,
      40.296875,
      48.640625,
      54.890625,
      58.0,
      61.5390625,
      63.2265625,
      64.6171875,
      67.4296875,
      68.65625,
      70.40625,
      71.3046875,
      72.765625,
      74.2734375,
      74.890625,
      74.9765625,
      76.9296875,
      78.390625,
      79.4921875,
      80.140625,
      81.5859375,
      82.15625,
      82.7734375,
      83.2421875,
      84.625,
      85.234375,
      86.0390625,
      86.75,
      86.71875,
      87.296875,
      87.890625,
      88.6875,
      89.1953125,
      89.046875,
      89.1015625,
      90.140625,
      90.3984375,
      90.8828125,
      90.78125,
      91.3125,
      91.7578125,
      92.171875,
      92.015625,
      92.375,
      92.1640625,
      92.2578125,
      92.421875,
      92.671875,
      92.5859375,
      92.9921875,
      92.3359375,
      93.3046875,
      93.2734375,
      93.3046875,
      93.3828125,
      93.9375,
      93.796875,
      94.5390625,
      93.8046875,
      93.640625,
      94.65625,
      94.3515625,
      94.640625,
      94.515625,
      93.7734375,
      94.2265625,
      93.84375,
      94.2578125,
      94.8828125,
      94.3125,
      94.7109375,
      94.421875,
      94.3671875,
      94.7890625,
      94.921875,
      94.703125,
      94.796875,
      94.96875,
      95.7578125,
      95.3046875,
      94.9609375,
      95.2421875,
      95.265625,
      94.625,
      95.0390625,
      95.15625,
      94.875,
      95.0078125,
      95.296875,
      94.890625,
      95.4765625,
      95.296875,
      95.09375,
      95.5,
      95.5390625,
      95.75,
      95.5,
      95.1875,
      95.078125,
      95.765625
    ],
    "test_loss": [
      1.7236036217212678,
      1.5366171872615815,
      1.3777657848596574,
      1.2573070645332336,
      1.1821493554115294,
      1.0885506802797318,
      1.0939948165416717,
      1.0000408867001533,
      0.9457369309663772,
      0.9136670643091201,
      0.9249683982133865,
      0.9625450927019119,
      0.901135818362236,
      0.8519919493794441,
      0.9064702236652374,
      0.8689814552664756,
      0.8149755299091339,
      0.8188223016262054,
      0.7973429039120674,
      0.832652421593666,
      0.817496812492609,
      0.8721004050970077,
      0.8358841508626937,
      0.839717997610569,
      0.8378148329257965,
      0.8249481642246246,
      0.8655065250396728,
      0.7889692115783692,
      0.8670160382986069,
      0.9781680366396904,
      0.8829424890875817,
      0.8118539336323738,
      0.9069626665115357,
      0.9017897430062294,
      0.8969662520289421,
      0.9127458062767982,
      0.9376881229877472,
      0.89033467233181,
      0.880703911781311,
      0.9615492993593215,
      0.8901217380166053,
      0.9120345968008041,
      0.9310716313123703,
      0.9851574495434761,
      0.9740800857543945,
      0.9958951455354691,
      0.9611608728766441,
      0.9815766879916191,
      0.9296757477521896,
      0.9776024299860001,
      0.9858159774541855,
      1.034775217473507,
      1.0025771799683572,
      0.9602371886372566,
      0.9804027017951011,
      0.9235332657396793,
      1.0862846568226814,
      1.0020673248171805,
      1.0090809996426104,
      1.0182832992076873,
      1.0445980128645898,
      1.0556268626451493,
      1.0308160135149955,
      1.0994456985592842,
      1.0636467656493187,
      1.0548733392357825,
      1.096702068001032,
      0.9886468358337879,
      1.1100360107421876,
      1.0599804756045341,
      1.0365625485777854,
      1.0620590817928315,
      1.0740207731723785,
      1.0364498829841613,
      1.1412733897566796,
      1.0908599603176117,
      1.1717896020412446,
      1.0468252912163734,
      1.0124911990761758,
      1.121382277905941,
      0.9736800789833069,
      1.0966285815835,
      1.1288321122527123,
      1.1472881472110747,
      1.1039058747887611,
      1.0679140958189963,
      1.1202540057897568,
      1.113215851187706,
      1.0875275138020515,
      1.0789121720194816,
      1.1467702746391297,
      1.0870123884081841,
      1.0674404168128968,
      1.0533965861797332,
      1.0789798989892005,
      1.0981301686167717,
      1.0413754154741763,
      1.0802981232106685,
      1.05787517786026,
      1.1259987671673297
    ],