{
  "config": {
    "run_name": "exp1_1",
    "out_dir": "results",
    "seed": 42,
    "device": "cuda",
    "bs_train": 128,
    "bs_test": 32,
    "batches": 100,
    "epochs": 100,
    "early_stopping": 5,
    "checkpoints": null,
    "lr": 0.001,
    "reg": 0.001,
    "filters_per_layer": [
      32
    ],
    "pool_every": 2,
    "hidden_dims": [
      1024
    ],
    "model_type": "cnn",
    "activation_type": "relu",
    "pooling_type": "max",
    "pooling_params": {
      "kernel_size": 2,
      "padding": 1
    },
    "conv_params": {
      "kernel_size": 3,
      "padding": 1
    },
    "activation_params": {},
    "batchnorm": true,
    "dropout": 0.1,
    "kw": {},
    "layers_per_block": 4
  },
  "results": {
    "num_epochs": 0,
    "train_loss": [
      2.023343186378479,
      1.6675232601165773,
      1.5372211182117461,
      1.4301470398902894,
      1.3894407367706298,
      1.3414671921730041,
      1.2796366286277772,
      1.2325900352001191,
      1.1528303664922714,
      1.1174446177482604,
      1.0731554073095322,
      1.0268182063102722,
      0.9961561387777329,
      0.9773602789640427,
      0.947872804403305,
      0.9029959803819656,
      0.8601190358400345,
      0.8348817259073258,
      0.8110620027780533,
      0.7970219832658768,
      0.7958955812454224,
      0.7773166829347611,
      0.7367267084121704,
      0.7127896076440812,
      0.6970305198431015,
      0.6762710374593734,
      0.6445519575476646,
      0.6501803633570671,
      0.5973438289761543,
      0.610360279083252,
      0.5702256432175636,
      0.5666036048531532,
      0.5265336579084396,
      0.5174901631474494,
      0.5265005952119828,
      0.4934999457001686,
      0.4732219648361206,
      0.4547496488690376,
      0.44325431108474733,
      0.4245206919312477,
      0.40952060610055924,
      0.40886023074388506,
      0.3915850280225277,
      0.3867568629980087,
      0.36639313951134683,
      0.351772942841053,
      0.34354664832353593,
      0.34607777059078215,
      0.32611621662974355,
      0.32356263071298597,
      0.3163557933270931,
      0.28781807109713553,
      0.28432775974273683,
      0.27195108965039255,
      0.2772249421477318,
      0.25313290491700174,
      0.25773541927337645,
      0.2658516663312912,
      0.2598351663351059,
      0.2569326037168503,
      0.23109456211328505,
      0.22589677825570106,
      0.23101200610399247,
      0.21386425733566283,
      0.2092499577254057,
      0.2183114568144083,
      0.21480813272297383,
      0.2053215453028679,
      0.21330596335232258,
      0.20882681712508203,
      0.19868392325937748,
      0.1945878877490759,
      0.19689752623438836,
      0.19613254427909851,
      0.18525353394448757,
      0.18463413439691068,
      0.19398858733475208,
      0.19355212271213532,
      0.1866520258784294,
      0.17829920388758183,
      0.1742115881294012,
      0.1771643040329218,
      0.18177697382867336,
      0.16776896454393864,
      0.16381219565868377,
      0.17220366857945918,
      0.16778679847717284,
      0.17497907273471355,
      0.17004872269928456,
      0.17266609147191048,
      0.16256800308823585,
      0.1562204582989216,
      0.15434413224458696,
      0.17227981731295586,
      0.15259348504245282,
      0.16654711216688156,
      0.1662073765695095,
      0.14655534263700246,
      0.16297381408512593,
      0.15581626579165458
    ],
    "train_acc": [
      25.078125,
      39.2578125,
      44.171875,
      47.9296875,
      50.1796875,
      51.65625,
      54.6171875,
      55.3984375,
      58.484375,
      60.4296875,
      61.640625,
      63.625,
      64.5390625,
      65.5546875,
      66.375,
      68.2265625,
      69.5234375,
      70.6953125,
      71.546875,
      71.7265625,
      71.9375,
      72.8515625,
      74.2421875,
      75.4921875,
      75.6796875,
      76.6796875,
      77.65625,
      77.2734375,
      79.515625,
      79.0625,
      80.1171875,
      80.40625,
      81.7109375,
      82.3046875,
      81.65625,
      82.640625,
      83.9453125,
      84.09375,
      85.0390625,
      85.6484375,
      85.9453125,
      86.296875,
      86.96875,
      86.828125,
      87.546875,
      88.140625,
      88.1875,
      87.9765625,
      88.9609375,
      88.9609375,
      89.0859375,
      90.1171875,
      90.5078125,
      90.8671875,
      90.6171875,
      91.5625,
      91.2578125,
      91.203125,
      91.0546875,
      91.1796875,
      92.1796875,
      91.9765625,
      91.96875,
      92.9296875,
      93.0625,
      92.7109375,
      92.8203125,
      93.296875,
      92.5703125,
      92.90625,
      93.453125,
      93.390625,
      93.5859375,
      93.3046875,
      93.59375,
      93.796875,
      93.6796875,
      93.625,
      93.7421875,
      94.0390625,
      94.1484375,
      94.0234375,
      94.0546875,
      94.4375,
      94.390625,
      94.0859375,
      94.4609375,
      93.8984375,
      94.203125,
      94.125,
      94.5390625,
      94.6875,
      94.6875,
      94.3125,
      94.8828125,
      94.4296875,
      94.359375,
      95.171875,
      94.4609375,
      94.6796875
    ],
    "test_loss": [
      1.8452337503433227,
      1.5399038219451904,
      1.4504923462867736,
      1.3697285217046737,
      1.3899121749401093,
      1.322037569284439,
      1.2868009734153747,
      1.2441795980930328,
      1.2048450022935868,
      1.1461349016427993,
      1.1149735730886459,
      1.045379754304886,
      1.0993511003255845,
      1.0433699226379394,
      1.0127961421012879,
      0.9885879540443421,
      0.9759168046712875,
      0.9743420350551605,
      0.9197767180204391,
      0.9309873402118682,
      0.9110963830351829,
      0.9317672657966614,
      0.9737636512517929,
      0.9163981565833091,
      0.9039570045471191,
      0.847729549407959,
      0.8993557575345039,
      0.8642424699664116,
      0.9125475010275841,
      0.8950254866480827,
      0.8713387653231621,
      0.8655329725146294,
      0.8487378570437432,
      0.9063572004437447,
      0.9222919642925262,
      0.9631441852450371,
      0.9790136420726776,
      0.9272488355636597,
      0.9283206599950791,
      0.9232571426033974,
      0.9716788637638092,
      0.9813525143265724,
      0.9592624011635781,
      0.9285107669234276,
      0.9812798815965652,
      0.9641900977492333,
      0.9728436818718911,
      1.0111404675245286,
      1.0033886495232582,
      0.996690827012062,
      0.9770661318302154,
      1.0281707766652106,
      1.0304495641589164,
      1.0688201081752777,
      1.0252789464592933,
      1.102674463391304,
      1.0876254853606224,
      1.0955881041288376,
      1.056979040503502,
      1.0996881553530693,
      1.0485831397771834,
      1.0505106514692306,
      1.130277437567711,
      1.1152684539556503,
      1.1800568741559982,
      1.0866332039237023,
      1.1569308978319168,
      1.1552985280752182,
      1.1618718683719635,
      1.1066609755158425,
      1.1759065958857535,
      1.1243179109692574,
      1.2337237194180488,
      1.1162451294064522,
      1.2011350718140603,
      1.2595129546523094,
      1.1770679280161858,
      1.2280302333831787,
      1.1703785344958306,
      1.3072840464115143,
      1.266189371049404,
      1.2344878807663917,
      1.225084687769413,
      1.1963694718480111,
      1.2828827568888663,
      1.254137460589409,
      1.2975764435529709,
      1.201948417723179,
      1.2414655861258508,
      1.186003206372261,
      1.2405912336707114,
      1.2958545577526093,
      1.1913580945134163,
      1.2424793872237205,
      1.2788813629746436,
      1.2517096599936486,
      1.1953031650185586,
      1.3384958499670028,
      1.1754442313313485,
      1.2510613667964936
    ],