{
  "config": {
    "run_name": "exp1_3",
    "out_dir": "results",
    "seed": 42,
    "device": "cuda",
    "bs_train": 128,
    "bs_test": 32,
    "batches": 100,
    "epochs": 100,
    "early_stopping": 8,
    "checkpoints": null,
    "lr": 0.001,
    "reg": 0.001,
    "filters_per_layer": [
      64,
      128,
      256
    ],
    "pool_every": 2,
    "hidden_dims": [
      1024
    ],
    "model_type": "cnn",
    "activation_type": "relu",
    "pooling_type": "max",
    "pooling_params": {
      "kernel_size": 2,
      "padding": 1
    },
    "conv_params": {
      "kernel_size": 3,
      "padding": 1
    },
    "activation_params": {},
    "batchnorm": true,
    "dropout": 0.1,
    "kw": {},
    "layers_per_block": 3
  },
  "results": {
    "num_epochs": 0,
    "train_loss": [
      2.303021240234375,
      2.302739644050598,
      2.302835636138916,
      2.302783284187317,
      2.3026798152923584,
      2.3027276277542112,
      2.302566792964935,
      2.3027099657058714,
      2.3026102638244628
    ],
    "train_acc": [
      10.2890625,
      10.0546875,
      9.8828125,
      10.0859375,
      9.921875,
      10.1953125,
      10.2890625,
      9.734375,
      9.78125
    ],
    "test_loss": [
      2.303009762763977,
      2.30248685836792,
      2.3028249979019164,
      2.3026929020881655,
      2.3026399779319764,
      2.302529580593109,
      2.3027808356285093,
      2.3028465557098388,
      2.3027069211006164
    ],
    "test_acc": [
      9.9375,
      9.8125,
      9.65625,
      9.96875,
      9.25,
      9.8125,
      9.28125,
      10.0625,
      10.34375
    ]
  }
}