{
  "config": {
    "run_name": "exp1_1",
    "out_dir": "results",
    "seed": 42,
    "device": "cuda",
    "bs_train": 128,
    "bs_test": 32,
    "batches": 100,
    "epochs": 100,
    "early_stopping": 5,
    "checkpoints": null,
    "lr": 0.001,
    "reg": 0.001,
    "filters_per_layer": [
      32
    ],
    "pool_every": 2,
    "hidden_dims": [
      1024
    ],
    "model_type": "cnn",
    "activation_type": "relu",
    "pooling_type": "max",
    "pooling_params": {
      "kernel_size": 2,
      "padding": 1
    },
    "conv_params": {
      "kernel_size": 3,
      "padding": 1
    },
    "activation_params": {},
    "batchnorm": true,
    "dropout": 0.1,
    "kw": {},
    "layers_per_block": 8
  },
  "results": {
    "num_epochs": 0,
    "train_loss": [
      2.3038765144348146,
      2.3032172822952273,
      2.303119773864746,
      2.302877368927002,
      2.3027880787849426,
      2.302539768218994
    ],
    "train_acc": [
      10.0703125,
      9.8515625,
      9.9921875,
      10.109375,
      10.078125,
      9.7265625
    ],
    "test_loss": [
      2.303120880126953,
      2.302586019039154,
      2.302531065940857,
      2.302614824771881,
      2.3025075340270997,
      2.3025831294059755
    ],
    "test_acc": [
      9.84375,
      10.4375,
      9.96875,
      10.09375,
      10.09375,
      9.5
    ]
  }
}