{
  "config": {
    "run_name": "exp1_1",
    "out_dir": "results",
    "seed": 42,
    "device": "cuda",
    "bs_train": 128,
    "bs_test": 32,
    "batches": 100,
    "epochs": 100,
    "early_stopping": 5,
    "checkpoints": null,
    "lr": 0.001,
    "reg": 0.001,
    "filters_per_layer": [
      64
    ],
    "pool_every": 2,
    "hidden_dims": [
      1024
    ],
    "model_type": "cnn",
    "activation_type": "relu",
    "pooling_type": "max",
    "pooling_params": {
      "kernel_size": 2
    },
    "conv_params": {
      "kernel_size": 3,
      "padding": 1
    },
    "activation_params": {},
    "batchnorm": true,
    "dropout": 0.1,
    "kw": {},
    "layers_per_block": 8
  },
  "results": {
    "num_epochs": 0,
    "train_loss": [
      2.3040068697929383,
      2.3031726717948913,
      2.3031076192855835,
      2.3028239226341247,
      2.302788054943085,
      2.302525100708008
    ],
    "train_acc": [
      9.5703125,
      10.0546875,
      9.7109375,
      10.6328125,
      10.3515625,
      10.0703125
    ],
    "test_loss": [
      2.302932960987091,
      2.302857677936554,
      2.30297132730484,
      2.303140525817871,
      2.3026417231559755,
      2.3029369735717773
    ],
    "test_acc": [
      9.75,
      9.625,
      10.0,
      9.1875,
      10.15625,
      9.46875
    ]
  }
}