{
  "config": {
    "run_name": "exp1_4",
    "out_dir": "results",
    "seed": 42,
    "device": "cuda",
    "bs_train": 128,
    "bs_test": 32,
    "batches": 100,
    "epochs": 100,
    "early_stopping": 4,
    "checkpoints": null,
    "lr": 0.001,
    "reg": 0.001,
    "filters_per_layer": [
      32
    ],
    "pool_every": 4,
    "hidden_dims": [
      1024
    ],
    "model_type": "resnet",
    "activation_type": "relu",
    "pooling_type": "max",
    "pooling_params": {
      "kernel_size": 2,
      "padding": 1
    },
    "conv_params": {
      "kernel_size": 3,
      "padding": 1
    },
    "activation_params": {},
    "batchnorm": true,
    "dropout": 0.1,
    "kw": {},
    "layers_per_block": 16
  },
  "results": {
    "num_epochs": 0,
    "train_loss": [
      1.8553292918205262,
      1.4910264265537263,
      1.3221607744693755,
      1.2065872132778168,
      1.0863070875406264,
      0.9901997327804566,
      0.9560718393325806,
      0.9059390300512313,
      0.8875030416250229,
      0.8310900354385375,
      0.7981409311294556,
      0.7940855264663697,
      0.770849905014038,
      0.7564108496904374,
      0.7166872507333756,
      0.6994810491800308,
      0.682761306464672,
      0.6825549066066742,
      0.6689172971248627,
      0.6439508000016212,
      0.6441956725716591,
      0.6372967073321343,
      0.6242807880043983,
      0.6243330121040345,
      0.6136274003982544,
      0.5998207676410675,
      0.5735893234610557,
      0.5880867183208466,
      0.5724734276533127,
      0.5794587454199791,
      0.5670907688140869,
      0.5595382979512215,
      0.5514882436394691,
      0.533248362839222,
      0.5421028465032578,
      0.5217763593792916,
      0.5172212010622025,
      0.5170148870348931,
      0.5142660820484162,
      0.5097902753949165,
      0.5119448572397232,
      0.49841446816921237,
      0.5034613138437272,
      0.5045914867520332,
      0.49239587485790254,
      0.4764902874827385,
      0.4759500816464424,
      0.4764580097794533,
      0.48270541459321975,
      0.4836105272173882,
      0.46985446512699125,
      0.4543119591474533,
      0.46698920518159864,
      0.46520140409469607,
      0.4454883283376694,
      0.456452504992485,
      0.4454335141181946,
      0.45276723951101305,
      0.4432930764555931,
      0.4415809720754623,
      0.43127678990364077,
      0.42671323865652083,
      0.44345822304487226,
      0.42701392486691475,
      0.42177666902542116,
      0.43441637068986894,
      0.44307940468192103,
      0.4221483585238457,
      0.4177183189988136,
      0.427003878057003,
      0.4049727559089661,
      0.4202392390370369,
      0.4056361725926399,
      0.4087288285791874,
      0.4026952749490738,
      0.4285675039887428,
      0.4010121874511242,
      0.4022258144617081,
      0.4012280023097992,
      0.3987597516179085,
      0.39668429344892503,
      0.393145707398653,
      0.38864221155643464,
      0.40197929069399835,
      0.389238532781601,
      0.3804072357714176,
      0.392191658616066,
      0.39068452924489977,
      0.39218286752700804,
      0.3722076952457428,
      0.3959503738582134,
      0.3852813282608986,
      0.39252286180853846,
      0.3959900966286659,
      0.38256831184029577,
      0.36542004510760306,
      0.377261268645525,
      0.36670236840844156,
      0.372521648555994,
      0.3555435724556446
    ],
    "train_acc": [
      30.9375,
      44.734375,
      51.71875,
      56.9453125,
      60.75,
      64.6015625,
      65.75,
      68.109375,
      68.4765625,
      70.6875,
      71.703125,
      72.140625,
      72.8671875,
      73.125,
      74.2890625,
      75.5078125,
      75.9765625,
      76.4453125,
      76.5703125,
      77.4765625,
      77.4375,
      77.7578125,
      77.9609375,
      78.0703125,
      78.8359375,
      78.984375,
      79.7265625,
      79.125,
      80.0546875,
      80.21875,
      80.1328125,
      80.625,
      80.640625,
      81.09375,
      80.7890625,
      81.71875,
      81.8359375,
      82.0390625,
      82.0625,
      82.3984375,
      81.7421875,
      82.6953125,
      82.421875,
      82.171875,
      82.7421875,
      83.59375,
      83.3046875,
      83.5546875,
      83.203125,
      83.328125,
      83.5625,
      84.0390625,
      83.2890625,
      83.8515625,
      84.40625,
      83.9609375,
      84.4921875,
      84.2890625,
      84.421875,
      84.6484375,
      85.359375,
      85.2421875,
      84.671875,
      84.96875,
      85.3671875,
      85.109375,
      84.453125,
      85.1328125,
      84.8828125,
      85.015625,
      85.609375,
      85.3046875,
      85.859375,
      85.6015625,
      86.0,
      84.9140625,
      85.953125,
      86.125,
      86.109375,
      86.09375,
      86.234375,
      86.46875,
      86.7890625,
      85.6875,
      86.6328125,
      86.90625,
      86.109375,
      86.265625,
      86.171875,
      86.90625,
      85.9921875,
      86.46875,
      86.0703125,
      86.328125,
      86.265625,
      87.0703125,
      86.78125,
      87.5546875,
      86.7421875,
      87.4609375
    ],
    "test_loss": [
      1.5252597081661223,
      1.346095398068428,
      1.235986559987068,
      1.0798039054870605,
      1.052039510011673,
      0.947496657371521,
      0.9530638271570205,
      0.8813140940666199,
      0.8750581023097038,
      0.8582801851630211,
      0.8053089067339897,
      0.767627629339695,
      0.7517099693417549,
      0.7204118886590004,
      0.7972420114278793,
      0.7987808200716973,
      0.7559940281510353,
      0.6707511469721794,
      0.6883123105764389,
      0.6871310883760452,
      0.7067760655283928,
      0.7164861032366753,
      0.6428894639015198,
      0.7781710243225097,
      0.7111171126365662,
      0.6998237398266792,
      0.7278955855965614,
      0.632119701653719,
      0.6286848357319832,
      0.644335570037365,
      0.6111042016744613,
      0.6330775639414787,
      0.7223359070718288,
      0.6818273454904556,
      0.6360805606842042,
      0.622387818545103,
      0.6466530060768128,
      0.666812929213047,
      0.600671306103468,
      0.5915609011054039,
      0.6310646452009678,
      0.6106623125076294,
      0.6299427230656147,
      0.6196908169984817,
      0.6020653599500656,
      0.6558070686459542,
      0.6513776224851608,
      0.6106663845479489,
      0.653828183710575,
      0.7169762498140335,
      0.6762970274686814,
      0.5619353972375393,
      0.6144990929961205,
      0.6638847814500332,
      0.6255795556306839,
      0.6273733045160771,
      0.60823686927557,
      0.610484155267477,
      0.631010180413723,
      0.5950542430579663,
      0.5670198132097721,
      0.5743641671538353,
      0.6057973766326904,
      0.5714370495826006,
      0.5852904146909714,
      0.6395751763880253,
      0.5549804133176803,
      0.5728867250680924,
      0.6183417361974716,
      0.5831721962988377,
      0.5670352983474731,
      0.6467753410339355,
      0.6040319615602493,
      0.6032590201497078,
      0.5820635494589805,
      0.6011955590546131,
      0.564284421429038,
      0.6479750460386277,
      0.6118075194954872,
      0.6181301707029343,
      0.5866080114245414,
      0.5815826658904553,
      0.5690142188966274,
      0.5921427275240422,
      0.5599876841902733,
      0.6279240487515927,
      0.5779601597785949,
      0.6302260059118271,
      0.5818971616029739,
      0.5573986512422562,
      0.5282013367116452,
      0.5728899095952511,
      0.5630910296738147,
      0.5689060650765896,
      0.5460407397150994,
      0.6064372427761555,
      0.5691694301366806,
      0.6178431656956672,
      0.5652939779311419,
      0.5562235703319311
    ],