{
  "config": {
    "run_name": "exp1_2",
    "out_dir": "results",
    "seed": 42,
    "device": "cuda",
    "bs_train": 128,
    "bs_test": 32,
    "batches": 100,
    "epochs": 100,
    "early_stopping": 8,
    "checkpoints": null,
    "lr": 0.001,
    "reg": 0.001,
    "filters_per_layer": [
      32
    ],
    "pool_every": 2,
    "hidden_dims": [
      1024
    ],
    "model_type": "cnn",
    "activation_type": "relu",
    "pooling_type": "max",
    "pooling_params": {
      "kernel_size": 2,
      "padding": 1
    },
    "conv_params": {
      "kernel_size": 3,
      "padding": 1
    },
    "activation_params": {},
    "batchnorm": true,
    "dropout": 0.1,
    "kw": {},
    "layers_per_block": 4
  },
  "results": {
    "num_epochs": 0,
    "train_loss": [
      2.0249871468544005,
      1.671113634109497,
      1.5431372725963592,
      1.4349618077278137,
      1.387273998260498,
      1.3388068544864655,
      1.277203117609024,
      1.225957750082016,
      1.1459854233264923,
      1.1225018358230592,
      1.0764632612466811,
      1.0352437090873718,
      1.0046862190961838,
      0.9919278925657272,
      0.9521872454881668,
      0.9154430037736893,
      0.8721083688735962,
      0.848662924170494,
      0.8222151428461075,
      0.8062744837999344,
      0.7950919723510742,
      0.7832569378614426,
      0.747885645031929,
      0.7076368787884713,
      0.7044046479463577,
      0.6849226438999176,
      0.6528018409013748,
      0.6516684252023697,
      0.611830438375473,
      0.6047154334187508,
      0.5821213388442993,
      0.5615612074732781,
      0.5450543788075447,
      0.526692605316639,
      0.5254998436570167,
      0.49750876784324644,
      0.48835531443357466,
      0.4565650224685669,
      0.46106393277645114,
      0.4447046321630478,
      0.4211899971961975,
      0.411772765815258,
      0.40487431883811953,
      0.39027625069022176,
      0.37106984689831735,
      0.36900014489889144,
      0.3396708393096924,
      0.3336780758202076,
      0.3507243072986603,
      0.3409360474348068,
      0.3159966219961643,
      0.3031262281537056,
      0.297396614998579,
      0.2797970762848854,
      0.29275464951992036,
      0.2695478247106075,
      0.26434263452887535,
      0.26263918906450273,
      0.25005928725004195,
      0.24263266481459142,
      0.24082621917128563,
      0.23491850905120373,
      0.23805470943450927,
      0.22465017333626747,
      0.2231653544306755,
      0.20905337393283843,
      0.20576091796159746,
      0.22196355186402797,
      0.21076436780393124,
      0.21170798756182194,
      0.2044689889252186,
      0.20196569561958314,
      0.19646280333399774,
      0.20506378285586835,
      0.1854511247575283,
      0.1947465730458498,
      0.17585907511413099,
      0.1884300771355629,
      0.18365269288420677,
      0.1858654887229204,
      0.17478565976023674,
      0.17464922457933427,
      0.18436862640082835,
      0.16177709355950357,
      0.17351341012865304,
      0.18043536342680455,
      0.167004750110209,
      0.17363659612834453,
      0.15836898319423198,
      0.1787167986482382,
      0.16239526484161615,
      0.17967726707458495,
      0.15122846074402332,
      0.14811195760965348,
      0.1399098462611437,
      0.14543541222810746,
      0.15192457552999258,
      0.15113422498106957,
      0.1483795191347599,
      0.15767004448920488
    ],
    "train_acc": [
      25.0,
      39.203125,
      44.015625,
      47.8828125,
      50.0859375,
      51.8984375,
      54.4296875,
      55.890625,
      58.859375,
      60.34375,
      61.859375,
      63.25,
      64.21875,
      64.9296875,
      66.4375,
      67.703125,
      69.3671875,
      70.1484375,
      71.3203125,
      71.125,
      71.9609375,
      72.640625,
      74.03125,
      75.8359375,
      75.7734375,
      76.0546875,
      77.1484375,
      77.5078125,
      78.7578125,
      79.3046875,
      79.7265625,
      80.578125,
      81.484375,
      81.96875,
      82.1015625,
      82.8515625,
      83.3515625,
      84.3671875,
      84.390625,
      85.046875,
      85.34375,
      86.2578125,
      86.03125,
      86.8125,
      87.28125,
      87.4765625,
      88.53125,
      88.5625,
      88.1328125,
      88.6171875,
      89.34375,
      89.9765625,
      90.171875,
      90.7734375,
      90.0859375,
      91.078125,
      91.0546875,
      91.1328125,
      91.8046875,
      92.0625,
      91.9140625,
      92.0859375,
      91.8046875,
      92.2578125,
      92.5,
      93.3828125,
      93.453125,
      92.546875,
      92.7890625,
      92.71875,
      93.4375,
      92.9375,
      93.25,
      92.8984375,
      93.8359375,
      93.5859375,
      94.0390625,
      93.578125,
      93.6796875,
      93.8046875,
      94.203125,
      94.4609375,
      93.53125,
      94.578125,
      94.0390625,
      93.8671875,
      94.2734375,
      94.0234375,
      94.796875,
      94.0546875,
      94.6171875,
      93.84375,
      94.9765625,
      95.1015625,
      95.125,
      95.0625,
      94.8984375,
      94.78125,
      95.109375,
      94.734375
    ],
    "test_loss": [
      1.8485918927192688,
      1.5468419122695922,
      1.468260600566864,
      1.378347203731537,
      1.3833688896894456,
      1.319785825610161,
      1.2631890296936035,
      1.2270523285865784,
      1.2058582246303557,
      1.1711947745084763,
      1.139968177676201,
      1.0652388834953308,
      1.0920399141311645,
      1.0532352274656296,
      1.0351270812749862,
      0.9841213393211364,
      0.9857652580738068,
      1.0151120740175248,
      0.935037222802639,
      0.9251912039518356,
      0.9050217129290103,
      1.0151244401931763,
      0.9415221378207207,
      0.9341022381186486,
      0.9020410907268525,
      0.8494850608706475,
      0.9037564113736153,
      0.8663207665085793,
      0.9542147028446197,
      0.8789764282107353,
      0.8674059334397316,
      0.8894541105628013,
      0.8354320189356804,
      0.8966846168041229,
      0.9446551728248597,
      0.9151732683181762,
      0.9318798145651818,
      0.9362798610329628,
      0.902460141479969,
      0.9444747024774551,
      0.9337124580144882,
      0.938374360203743,
      0.9950702792406082,
      1.0348152220249176,
      0.9942535758018494,
      0.9765030008554458,
      0.9735524454712867,
      1.0144926047325133,
      0.9369857114553451,
      0.9605220684409141,
      0.9945675128698349,
      0.9951665952801705,
      1.0060345354676246,
      1.1059717565774918,
      1.000485810339451,
      1.0088154551386834,
      1.0738858284056187,
      1.0735267388820648,
      1.0780181804299354,
      1.127510342001915,
      1.066295929849148,
      1.0644336572289468,
      1.1223710548877717,
      1.022690377831459,
      1.1542958736419677,
      1.0453241950273513,
      1.1283530378341675,
      1.256234845519066,
      1.1867189002037049,
      1.1571152251958847,
      1.1732405480742454,
      1.1717433255910874,
      1.2131247562170029,
      1.111497934758663,
      1.2169217039644717,
      1.1871814447641373,
      1.2307473781704903,
      1.3183668154478072,
      1.2588810577988625,
      1.2954780089855193,
      1.3201785573363305,
      1.243762228488922,
      1.1913171923160553,
      1.2294363623857498,
      1.2197923973202704,
      1.2622156178951263,
      1.2844843095541,
      1.1919929200410844,
      1.2194114768505095,
      1.1743541052937507,
      1.2785629847645759,
      1.2153273048996924,
      1.2619934916496276,
      1.2295304369926452,
      1.3945575764775275,
      1.25255166888237,
      1.3014251336455345,
      1.3048299619555472,
      1.2492869687080383,
      1.2392700785398483
    ],