{
  "config": {
    "run_name": "exp1_2",
    "out_dir": "results",
    "seed": 42,
    "device": "cuda",
    "bs_train": 128,
    "bs_test": 32,
    "batches": 100,
    "epochs": 100,
    "early_stopping": 8,
    "checkpoints": null,
    "lr": 0.001,
    "reg": 0.001,
    "filters_per_layer": [
      256
    ],
    "pool_every": 1,
    "hidden_dims": [
      1024
    ],
    "model_type": "cnn",
    "activation_type": "relu",
    "pooling_type": "max",
    "pooling_params": {
      "kernel_size": 2,
      "padding": 1
    },
    "conv_params": {
      "kernel_size": 3,
      "padding": 1
    },
    "activation_params": {},
    "batchnorm": true,
    "dropout": 0.1,
    "kw": {},
    "layers_per_block": 2
  },
  "results": {
    "num_epochs": 0,
    "train_loss": [
      1.9237744462490083,
      1.5504722118377685,
      1.4301745104789734,
      1.3365909051895142,
      1.2552179491519928,
      1.1923828577995301,
      1.1250995022058488,
      1.148138501048088,
      1.115492502450943,
      1.09228699862957,
      1.050731982588768,
      1.0228764379024506,
      1.0178592932224273,
      0.977279685139656,
      0.95556267619133,
      0.9353411257266998,
      0.9290789592266083,
      0.9267061239480973,
      0.9032448691129684,
      0.882515190243721,
      0.8403284585475922,
      0.8424161738157272,
      0.8203788167238235,
      0.7987205749750137,
      0.7940278178453446,
      0.7901480561494827,
      0.7793398362398147,
      0.7702255982160569,
      0.7447472929954528,
      0.7262553554773331,
      0.7159003394842148,
      0.701334553360939,
      0.6700727814435958,
      0.648678377866745,
      0.6662905144691468,
      0.6375999549031257,
      0.6274786549806595,
      0.6309732189774513,
      0.6090960687398911,
      0.6054497128725052,
      0.5808224675059318,
      0.604199715256691,
      0.5709619548916817,
      0.5670112857222557,
      0.5370955774188042,
      0.5285067120194435,
      0.5161782884597779,
      0.5081546819210052,
      0.5007611832022667,
      0.4893889388442039,
      0.4859220418334007,
      0.4773636028170586,
      0.47366167217493055,
      0.4499798721075058,
      0.44932191461324694,
      0.4278784480690956,
      0.4285683241486549,
      0.4284290146827698,
      0.4071113443374634,
      0.38442364692687986,
      0.4000890573859215,
      0.40325590431690217,
      0.37947351425886156,
      0.3794958558678627,
      0.37125563740730283,
      0.3760904121398926,
      0.3588054828345776,
      0.3572870407998562,
      0.3522142520546913,
      0.341444845944643,
      0.32946223482489584,
      0.3271912084519863,
      0.3158791284263134,
      0.3240127788484097,
      0.3130347518622875,
      0.31060110226273535,
      0.3147423227131367,
      0.27782051235437394,
      0.3128068046271801,
      0.28044599130749703,
      0.2882363437116146,
      0.2794476102292538,
      0.26945964485406876,
      0.2896571892499924,
      0.2726852436363697,
      0.2563639536499977,
      0.27120901048183443,
      0.25430969715118407,
      0.28019002184271813,
      0.2620051058381796,
      0.2597517041862011,
      0.24389321841299533,
      0.2355276447534561,
      0.23843859143555166,
      0.23054742962121963,
      0.23229573041200638,
      0.23870160117745398,
      0.24054370008409023,
      0.2403388513624668,
      0.2275988409668207
    ],
    "train_acc": [
      30.328125,
      43.375,
      48.6015625,
      51.96875,
      54.8671875,
      57.5,
      60.3125,
      59.09375,
      60.171875,
      61.515625,
      62.65625,
      63.4921875,
      63.9765625,
      65.359375,
      66.3828125,
      67.0703125,
      67.0234375,
      67.0546875,
      68.6015625,
      69.0859375,
      70.265625,
      70.40625,
      71.1328125,
      71.078125,
      72.25,
      72.3203125,
      73.0,
      73.171875,
      74.375,
      74.609375,
      75.1171875,
      75.7421875,
      76.71875,
      77.40625,
      76.984375,
      77.8984375,
      78.515625,
      78.21875,
      78.96875,
      79.1328125,
      79.859375,
      79.4375,
      80.703125,
      80.3046875,
      81.7890625,
      82.0703125,
      82.1015625,
      82.3046875,
      83.296875,
      83.2421875,
      83.390625,
      83.7890625,
      83.7265625,
      84.640625,
      84.7109375,
      85.34375,
      85.6171875,
      85.671875,
      86.2109375,
      87.3671875,
      86.4296875,
      86.359375,
      87.234375,
      87.2265625,
      87.8359375,
      87.2265625,
      87.640625,
      87.8984375,
      88.171875,
      88.921875,
      88.4453125,
      89.2734375,
      89.2578125,
      89.359375,
      89.4140625,
      89.34375,
      89.7421875,
      90.953125,
      89.3515625,
      90.8203125,
      90.3203125,
      90.765625,
      91.2109375,
      90.6875,
      90.9609375,
      91.4140625,
      91.1640625,
      91.6640625,
      90.609375,
      91.609375,
      91.484375,
      92.15625,
      92.2890625,
      92.2578125,
      92.53125,
      92.5,
      92.1875,
      92.421875,
      92.25,
      92.578125
    ],
    "test_loss": [
      1.556333144903183,
      1.457152805328369,
      1.3241528606414794,
      1.256499696969986,
      1.2446014481782912,
      1.1313927620649338,
      1.2253356057405471,
      1.1657117664813996,
      1.1365567791461944,
      1.0774686831235885,
      1.076865528821945,
      1.064565553665161,
      1.0989365607500077,
      1.0096453428268433,
      1.0506181865930557,
      1.0637630778551102,
      0.9986884719133378,
      1.0030980515480041,
      0.9937036663293839,
      0.9848263758420944,
      0.9935349151492119,
      0.975756757259369,
      0.9587657916545868,
      0.9808339673280716,
      0.911914199590683,
      0.9419864517450333,
      0.9566705134510994,
      0.9689365994930267,
      0.9316450986266136,
      0.9191528046131134,
      0.8816170164942742,
      0.9437349051237106,
      0.9413835370540619,
      0.9520723134279251,
      0.8772608476877213,
      0.9584149205684662,
      0.955368134379387,
      0.9606967806816101,
      0.900385100543499,
      0.8952835971117019,
      0.9454525494575501,
      0.9356317263841629,
      0.9948422428965569,
      0.9305174458026886,
      0.9191564318537712,
      1.0127145519852638,
      0.9530969649553299,
      0.9595304220914841,
      0.8782697409391403,
      0.9498059543967247,
      0.9075075897574425,
      0.9165637317299843,
      1.0101256945729256,
      0.9368375661969185,
      0.9649930548667908,
      0.948074337542057,
      1.1190390413999558,
      0.9442074671387672,
      0.9943302345275878,
      1.0157426038384438,
      1.012865372300148,
      0.9707117608189583,
      1.001251130104065,
      1.0071177169680596,
      1.012750128209591,
      1.0419817462563514,
      1.007697604894638,
      1.054930970966816,
      1.0361655458807946,
      0.9887293639779091,
      1.050820035636425,
      1.0766802495718002,
      1.0188871788978577,
      1.1155446490645409,
      1.0992392477393151,
      0.9994059482216835,
      1.082784547805786,
      1.1028818380832672,
      1.0627728009223938,
      1.0991676449775696,
      1.0671942856907846,
      1.03422271579504,
      1.2043033596873283,
      1.0657460802793504,
      1.1597655859589577,
      1.0664451980590821,
      1.1040888771414756,
      1.21383405148983,
      1.040922562479973,
      1.1972873514890672,
      1.1160401234030723,
      1.153086143732071,
      1.1264388686418534,
      1.1030984032154083,
      1.1628294652700424,
      1.1120789512991904,
      1.143302710354328,
      1.1166887068748474,
      1.141426835358143,
      1.2556024190783501
    ],