{
  "config": {
    "run_name": "exp1_4",
    "out_dir": "results",
    "seed": 42,
    "device": "cuda",
    "bs_train": 128,
    "bs_test": 32,
    "batches": 100,
    "epochs": 100,
    "early_stopping": 4,
    "checkpoints": null,
    "lr": 0.001,
    "reg": 0.001,
    "filters_per_layer": [
      32
    ],
    "pool_every": 8,
    "hidden_dims": [
      1024
    ],
    "model_type": "resnet",
    "activation_type": "relu",
    "pooling_type": "max",
    "pooling_params": {
      "kernel_size": 2,
      "padding": 1
    },
    "conv_params": {
      "kernel_size": 3,
      "padding": 1
    },
    "activation_params": {},
    "batchnorm": true,
    "dropout": 0.1,
    "kw": {},
    "layers_per_block": 32
  },
  "results": {
    "num_epochs": 0,
    "train_loss": [
      2.0675966441631317,
      1.7405170500278473,
      1.6038870131969452,
      1.510383803844452,
      1.4504088294506072,
      1.3697773385047913,
      1.2975976932048798,
      1.2721692264080047,
      1.2069332265853883,
      1.1701656728982925,
      1.120528092980385,
      1.0935547864437103,
      1.036560190320015,
      1.0032144820690154,
      0.9961360430717469,
      0.9577105367183685,
      0.9347028237581253,
      0.9315853309631348,
      0.9086508792638779,
      0.8902953851222992,
      0.8718005090951919,
      0.8575304746627808,
      0.8406330162286758,
      0.8284987723827362,
      0.8205620634555817,
      0.82115618288517,
      0.794089127779007,
      0.781966278553009,
      0.7873587971925735,
      0.7765618950128556,
      0.7742579919099808,
      0.7639598780870438,
      0.7367537939548492,
      0.7355951178073883,
      0.7563018935918808,
      0.7340129745006562,
      0.7353538072109223,
      0.7114192777872086,
      0.7197813966870308,
      0.6975356623530388,
      0.682776449918747,
      0.6858160698413849,
      0.6995686396956444,
      0.6928408861160278,
      0.6827946811914444,
      0.673473765552044,
      0.6670245113968849,
      0.6654165059328079,
      0.6636414420604706,
      0.6533986553549767,
      0.6563727653026581,
      0.6398573660850525,
      0.6505548751354218,
      0.6262950772047042,
      0.646920014321804,
      0.6240384480357171,
      0.6400274127721787,
      0.632530713379383,
      0.6160058549046517,
      0.6217944294214248,
      0.6071881633996964,
      0.6001402062177658,
      0.6127862188220025,
      0.5983125731348992,
      0.5957845041155815,
      0.5940895026922226,
      0.5915285345911979,
      0.5626005637645721,
      0.600109675526619,
      0.579092837870121,
      0.583164479136467,
      0.583345215022564,
      0.5792014616727829,
      0.5636913922429084,
      0.5638596352934837,
      0.5655446588993073
    ],
    "train_acc": [
      22.9921875,
      35.8046875,
      40.765625,
      44.609375,
      46.7734375,
      50.171875,
      52.7421875,
      54.2421875,
      56.3359375,
      58.0703125,
      59.1328125,
      60.3515625,
      62.9921875,
      64.5234375,
      64.421875,
      65.671875,
      66.734375,
      66.9140625,
      67.6171875,
      68.2109375,
      68.9921875,
      69.609375,
      70.28125,
      70.75,
      71.1171875,
      71.5078125,
      72.3515625,
      72.140625,
      72.25,
      72.7265625,
      72.71875,
      72.8203125,
      74.1328125,
      74.125,
      73.234375,
      74.140625,
      73.984375,
      75.0390625,
      74.90625,
      75.484375,
      76.109375,
      75.8359375,
      74.984375,
      75.4375,
      75.8828125,
      75.9453125,
      76.765625,
      76.6484375,
      76.9375,
      76.96875,
      77.03125,
      77.4765625,
      77.234375,
      78.5,
      77.2421875,
      78.3359375,
      77.53125,
      77.9375,
      78.40625,
      78.609375,
      78.7265625,
      79.03125,
      78.4921875,
      79.015625,
      79.0234375,
      79.25,
      79.3125,
      80.3359375,
      79.078125,
      79.6015625,
      79.390625,
      79.671875,
      79.765625,
      80.25,
      80.234375,
      80.2734375
    ],
    "test_loss": [
      1.7772281682491302,
      1.6762595999240875,
      1.519430354833603,
      1.3427522855997085,
      1.2987892180681229,
      1.2845520055294037,
      1.216326606273651,
      1.2358612632751464,
      1.1260098439455033,
      1.1348642081022262,
      1.0612067627906798,
      1.0178628623485566,
      1.0620240247249604,
      1.0217587047815322,
      0.9603018605709076,
      0.9264347457885742,
      0.9575879934430123,
      0.9179619377851487,
      0.9053365030884742,
      0.8802300620079041,
      0.7907300132513047,
      0.8453149646520615,
      0.9124902638792992,
      0.7697183415293694,
      0.8784133094549179,
      0.8510946691036224,
      0.7749735823273659,
      0.7767940607666969,
      0.8183414670825004,
      0.770142043530941,
      0.7979063495993615,
      0.7571359500288963,
      0.7805868431925773,
      0.7729826638102532,
      0.7395723420381546,
      0.7630277660489082,
      0.7986064061522484,
      0.7778872540593147,
      0.7399470746517182,
      0.7787072715163231,
      0.7652013891935349,
      0.7487369412183762,
      0.7201876473426819,
      0.7534821391105652,
      0.7245560967922211,
      0.7398543767631054,
      0.6878980302810669,
      0.7359737195074558,
      0.7023768872022629,
      0.677664942741394,
      0.7049857515096665,
      0.7122145354747772,
      0.6865106391906738,
      0.690355249941349,
      0.6491394428908825,
      0.7009993052482605,
      0.7148246546089649,
      0.7117990718781948,
      0.6834661988914013,
      0.6835955730080605,
      0.6688364443182945,
      0.7111183562874794,
      0.6564439667761326,
      0.65461869597435,
      0.6587141141295433,
      0.6962861976027489,
      0.6642617209255696,
      0.6221732467412948,
      0.6385521471500397,
      0.6513107542693615,
      0.6724509124457836,
      0.6061027440428733,
      0.637108100503683,
      0.6550916048884392,
      0.673369304984808,
      0.7040185311436653
    ],
    "test_acc": [
      34.90625,
      38.625,
      43.03125,
      51.125,
      52.34375,
      53.46875,
      54.75,
      55.84375,
      59.6875,
      59.21875,
      60.75,
      63.53125,
      62.15625,
      63.5,
      65.75,
      66.9375,
      66.59375,
      67.15625,
      67.75,
      68.8125,
      72.5,
      70.625,
      68.0625,
      73.4375,
      69.40625,
      69.15625,
      72.09375,
      72.125,
      71.4375,
      73.5625,
      73.03125,
      73.28125,
      72.40625,
      73.28125,
      74.46875,
      72.71875,
      71.21875,
      72.0625,
      74.40625,
      73.84375,
      73.9375,
      74.78125,
      75.125,
      73.65625,
      74.4375,
      73.34375,
      76.125,
      74.84375,
      76.21875,
      76.3125,
      76.03125,
      75.75,
      76.84375,
      76.875,
      77.4375,
      75.78125,
      76.0,
      75.75,
      76.8125,
      76.25,
      76.78125,
      76.46875,
      77.90625,
      77.75,
      77.8125,
      76.28125,
      77.5625,
      78.71875,
      77.84375,
      77.90625,
      76.46875,
      79.65625,
      78.6875,
      77.90625,
      76.59375,
      76.21875
    ]
  }
}