{
  "config": {
    "run_name": "exp1_4",
    "out_dir": "results",
    "seed": 42,
    "device": "cuda",
    "bs_train": 128,
    "bs_test": 32,
    "batches": 100,
    "epochs": 100,
    "early_stopping": 4,
    "checkpoints": null,
    "lr": 0.001,
    "reg": 0.001,
    "filters_per_layer": [
      64,
      128,
      256
    ],
    "pool_every": 1,
    "hidden_dims": [
      1024
    ],
    "model_type": "resnet",
    "activation_type": "relu",
    "pooling_type": "max",
    "pooling_params": {
      "kernel_size": 2,
      "padding": 1
    },
    "conv_params": {
      "kernel_size": 3,
      "padding": 1
    },
    "activation_params": {},
    "batchnorm": true,
    "dropout": 0.1,
    "kw": {},
    "layers_per_block": 2
  },
  "results": {
    "num_epochs": 0,
    "train_loss": [
      2.0484969437122347,
      1.6574177849292755,
      1.5090238654613495,
      1.3516599094867707,
      1.2799520289897919,
      1.1840071505308152,
      1.11970620572567,
      1.0447565805912018,
      1.0270985037088394,
      0.9818698596954346,
      0.9339736479520798,
      0.8904184746742249,
      0.8471421468257904,
      0.8136056682467461,
      0.8139404618740081,
      0.7532593128085137,
      0.7480915230512619,
      0.7324514585733414,
      0.6994129860401154,
      0.6980749320983887,
      0.6549256053566933,
      0.6437280401587486,
      0.6223097467422485,
      0.609106692969799,
      0.5978002798557281,
      0.5634801694750786,
      0.5750301551818847,
      0.5429601502418518,
      0.5273417538404465,
      0.5150961989164352,
      0.521109259724617,
      0.5185849639773369,
      0.46484300643205645,
      0.48151415795087815,
      0.4484378316998482,
      0.4660869634151459,
      0.4392376753687859,
      0.4225747734308243,
      0.4260560543835163,
      0.40352618366479875,
      0.4024361631274223,
      0.39127657160162926,
      0.3887922120094299
    ],
    "train_acc": [
      22.0625,
      37.1640625,
      43.4921875,
      50.140625,
      53.5234375,
      57.265625,
      58.796875,
      61.7578125,
      63.1796875,
      64.65625,
      66.8828125,
      68.2734375,
      70.09375,
      71.5859375,
      71.0390625,
      73.2890625,
      73.78125,
      74.3671875,
      75.375,
      75.671875,
      76.59375,
      77.21875,
      78.375,
      78.8515625,
      79.046875,
      80.2578125,
      80.1484375,
      81.1484375,
      81.6171875,
      82.2109375,
      81.5390625,
      82.4765625,
      84.0859375,
      83.5859375,
      84.3671875,
      83.8203125,
      84.8984375,
      85.40625,
      85.46875,
      86.1640625,
      86.359375,
      86.546875,
      86.7421875
    ],
    "test_loss": [
      1.7623509049415589,
      1.5811291575431823,
      1.5618088412284852,
      1.2764736235141754,
      1.2295635259151458,
      1.1547867417335511,
      1.128946984410286,
      1.0920591861009599,
      1.0340145862102508,
      0.99651546895504,
      0.9745862483978271,
      0.9152035868167877,
      0.9004740092158318,
      0.9602336844801903,
      0.9035361286997795,
      0.9022879302501678,
      0.8304547634720802,
      0.8538527613878251,
      0.8536211431026459,
      0.8156352427601814,
      0.8526527556777,
      0.7811426383256912,
      0.7634675024449825,
      0.7720704224705696,
      0.821687841117382,
      0.8573561888933182,
      0.7742245212197304,
      0.80340246707201,
      0.757458066046238,
      0.7576214449107647,
      0.9294828498363494,
      0.7824801230430602,
      0.7595545637607575,
      0.8125517049431801,
      0.7446889424324036,
      0.7931999030709267,
      0.7647364261746407,
      0.7742429581284523,
      0.7431938368082046,
      0.7814968721568585,
      0.7832509794831276,
      0.7915437495708466,
      0.8126095142960549
    ],
    "test_acc": [
      32.75,
      39.28125,
      41.8125,
      52.71875,
      54.09375,
      57.4375,
      59.15625,
      60.375,
      62.59375,
      65.0,
      64.5,
      68.1875,
      67.59375,
      67.75,
      68.3125,
      69.1875,
      70.21875,
      69.90625,
      70.0625,
      71.8125,
      69.875,
      73.25,
      74.0,
      73.15625,
      72.46875,
      71.375,
      73.9375,
      73.28125,
      74.71875,
      75.0,
      69.8125,
      73.4375,
      75.1875,
      73.96875,
      75.5,
      74.75,
      74.0625,
      74.3125,
      75.0,
      74.1875,
      74.5625,
      74.5,
      73.25
    ]
  }
}