{
  "config": {
    "run_name": "exp1_1",
    "out_dir": "results",
    "seed": 42,
    "device": "cuda",
    "bs_train": 128,
    "bs_test": 32,
    "batches": 100,
    "epochs": 100,
    "early_stopping": 5,
    "checkpoints": null,
    "lr": 0.001,
    "reg": 0.001,
    "filters_per_layer": [
      32
    ],
    "pool_every": 2,
    "hidden_dims": [
      1024
    ],
    "model_type": "cnn",
    "activation_type": "relu",
    "pooling_type": "max",
    "pooling_params": {
      "kernel_size": 2,
      "padding": 1
    },
    "conv_params": {
      "kernel_size": 3,
      "padding": 1
    },
    "activation_params": {},
    "batchnorm": true,
    "dropout": 0.1,
    "kw": {},
    "layers_per_block": 2
  },
  "results": {
    "num_epochs": 0,
    "train_loss": [
      1.8079288458824159,
      1.4727294385433196,
      1.3653749644756317,
      1.2826731884479523,
      1.2161403501033783,
      1.171485253572464,
      1.1164758133888244,
      1.062604438662529,
      1.0454545491933822,
      1.0170607405900955,
      0.9777496081590652,
      0.9314767307043076,
      0.9294058042764664,
      0.8958070254325867,
      0.8837542986869812,
      0.833214898109436,
      0.8438342773914337,
      0.819329429268837,
      0.7902645057439804,
      0.7429703736305237,
      0.7542337971925736,
      0.7270587730407715,
      0.7155386853218079,
      0.6974564146995544,
      0.6824328261613846,
      0.6508599475026131,
      0.6400848719477653,
      0.6234260240197181,
      0.5946887502074242,
      0.5828475368022918,
      0.5619226160645485,
      0.5433165308833122,
      0.5391168054938317,
      0.5058444288372993,
      0.5035281598567962,
      0.4766981974244118,
      0.48245975583791734,
      0.470176922082901,
      0.4477240464091301,
      0.4436766842007637,
      0.4298784926533699,
      0.4193940281867981,
      0.3933565229177475,
      0.4026171450316906,
      0.3851843598484993,
      0.3681934355199337,
      0.3661088153719902,
      0.35792118102312087,
      0.35250276878476144,
      0.33739011332392693,
      0.32490395739674566,
      0.332016571611166,
      0.33013888403773306,
      0.304146922826767,
      0.3042439179122448,
      0.31372881338000297,
      0.29204914450645447,
      0.27969188407063483,
      0.2841124288737774,
      0.2903456100821495,
      0.26791139617562293,
      0.26989970929920676,
      0.2703842629492283,
      0.2709255041182041,
      0.26195923030376433,
      0.2626200675964355,
      0.2598354290425777,
      0.25498314559459684,
      0.24191827967762947,
      0.24671635389328003,
      0.22965066835284234,
      0.2374465873837471,
      0.24073019698262216,
      0.22269965186715127,
      0.2246646646410227,
      0.2272800663858652,
      0.22836769334971904,
      0.21376906432211398,
      0.20237781018018722,
      0.21845653779804708,
      0.21487671039998532,
      0.21605970531702043,
      0.20436519950628282,
      0.20724365033209324,
      0.20190929748117925,
      0.19488419517874717,
      0.2008476599305868,
      0.20354947805404663,
      0.20099344573915004,
      0.205978998914361,
      0.2085139510035515,
      0.18470509357750417,
      0.19370508208870887,
      0.1957577383518219,
      0.2026690050214529,
      0.19225179009139537,
      0.18611543871462344,
      0.18778000861406327,
      0.1818204415589571,
      0.17999486058950423
    ],
    "train_acc": [
      34.7578125,
      46.4921875,
      50.9296875,
      54.1484375,
      56.4296875,
      58.3671875,
      60.546875,
      62.109375,
      63.1171875,
      64.2265625,
      65.6328125,
      67.6015625,
      67.171875,
      68.0625,
      69.375,
      71.125,
      70.28125,
      71.625,
      72.6484375,
      73.9921875,
      73.6875,
      75.109375,
      75.3125,
      75.9921875,
      76.9375,
      77.765625,
      78.4375,
      79.4921875,
      79.421875,
      80.203125,
      80.875,
      81.8203125,
      82.109375,
      83.1953125,
      83.234375,
      84.4609375,
      84.03125,
      84.3671875,
      85.1875,
      85.296875,
      85.7890625,
      86.4140625,
      87.1171875,
      86.6875,
      87.4296875,
      88.0546875,
      88.078125,
      88.484375,
      88.5078125,
      89.0078125,
      89.5546875,
      89.453125,
      89.390625,
      89.859375,
      90.4453125,
      89.75,
      90.484375,
      90.90625,
      90.8984375,
      90.5859375,
      91.46875,
      91.21875,
      91.1328125,
      91.2421875,
      91.671875,
      91.3125,
      91.3671875,
      91.859375,
      92.234375,
      91.7421875,
      92.7265625,
      92.53125,
      91.9765625,
      92.9609375,
      92.953125,
      92.7109375,
      92.5859375,
      93.046875,
      93.6171875,
      92.9140625,
      92.8515625,
      92.9765625,
      93.390625,
      93.3359375,
      93.296875,
      93.640625,
      93.5234375,
      93.6171875,
      93.6328125,
      93.46875,
      93.2890625,
      94.1171875,
      93.9765625,
      93.890625,
      93.4921875,
      93.7265625,
      93.984375,
      94.0078125,
      94.171875,
      94.265625
    ],
    "test_loss": [
      1.5333835458755494,
      1.4383650124073029,
      1.3495674687623977,
      1.2175136572122573,
      1.2348032903671264,
      1.2492393857240678,
      1.144803119301796,
      1.1104646998643875,
      1.0789627504348756,
      1.079055718779564,
      1.0437138360738754,
      1.0095277839899064,
      1.0058840841054917,
      1.0114527595043183,
      0.9688610792160034,
      0.9483712995052338,
      0.9821305674314499,
      1.0053355193138123,
      0.9608237117528915,
      0.9876193457841873,
      0.9361456388235092,
      0.8862371301651001,
      0.900779824256897,
      0.889572326540947,
      0.9576889336109161,
      0.9017100265622139,
      0.9371332836151123,
      0.9351660862565041,
      0.9372426858544349,
      0.9116089108586312,
      0.9455774074792862,
      0.9101089057326317,
      0.9320662921667099,
      0.9192869061231613,
      0.890940142273903,
      0.9786142036318779,
      1.0138803350925445,
      0.8917972433567047,
      0.9573724982142449,
      0.9498031032085419,
      0.9129206615686417,
      1.0371362498402596,
      0.9678830859065056,
      0.9898213085532188,
      1.0428979775309564,
      1.0103730836510658,
      1.016526175737381,
      1.0460663199424745,
      1.0704445394873618,
      0.9716272434592247,
      1.052704713344574,
      1.0263660052418708,
      0.960288545191288,
      1.0399925953149796,
      1.0169638994336128,
      1.058541253209114,
      1.0481661275029182,
      1.0874818924069405,
      1.0616396552324294,
      1.0271306720376014,
      1.0230103492736817,
      1.04293276399374,
      1.1390996572375298,
      1.044750493168831,
      1.0921404922008515,
      1.1030970752239226,
      1.077905031144619,
      1.0984153088927269,
      1.1414463406801223,
      1.1017435732483865,
      1.1172066628932953,
      1.1097988605499267,
      1.1487374302744866,
      1.1897911116480828,
      1.1683060535788536,
      1.0832955929636956,
      1.098723521232605,
      1.203551793396473,
      1.1289071208238601,
      1.140049171745777,
      1.1726710125803947,
      1.0546747153997422,
      1.1677852240204811,
      1.1184085649251938,
      1.196867786049843,
      1.2445388638973236,
      1.32239119887352,
      1.1902749517560005,
      1.182149344086647,
      1.242428190410137,
      1.1821862852573395,
      1.248531587123871,
      1.2975360572338104,
      1.2147453597187996,
      1.261763066649437,
      1.1603787149488927,
      1.275530839264393,
      1.1784925365447998,
      1.1831740900874137,
      1.1863920027017594
    ],