{
  "config": {
    "run_name": "exp1_2",
    "out_dir": "results",
    "seed": 42,
    "device": "cuda",
    "bs_train": 128,
    "bs_test": 32,
    "batches": 100,
    "epochs": 100,
    "early_stopping": 8,
    "checkpoints": null,
    "lr": 0.001,
    "reg": 0.001,
    "filters_per_layer": [
      64
    ],
    "pool_every": 1,
    "hidden_dims": [
      1024
    ],
    "model_type": "cnn",
    "activation_type": "relu",
    "pooling_type": "max",
    "pooling_params": {
      "kernel_size": 2,
      "padding": 1
    },
    "conv_params": {
      "kernel_size": 3,
      "padding": 1
    },
    "activation_params": {},
    "batchnorm": true,
    "dropout": 0.1,
    "kw": {},
    "layers_per_block": 2
  },
  "results": {
    "num_epochs": 0,
    "train_loss": [
      1.7580256426334382,
      1.4489600610733033,
      1.3422428894042968,
      1.2361919069290161,
      1.1654910653829575,
      1.1387778699398041,
      1.0601316499710083,
      1.028695285320282,
      1.0057800179719925,
      0.9795467048883438,
      0.9590558993816376,
      0.9265987694263458,
      0.9116937333345413,
      0.8927088850736618,
      0.859727314710617,
      0.8448848688602447,
      0.8335198938846589,
      0.8030754107236863,
      0.8051847630739212,
      0.7747372025251389,
      0.7420892822742462,
      0.7539408254623413,
      0.729847137928009,
      0.7044809085130691,
      0.6991383010149002,
      0.6909075528383255,
      0.6892714595794678,
      0.6595997610688209,
      0.6400954356789589,
      0.631294971704483,
      0.6270464399456978,
      0.6071523141860962,
      0.5777817288041115,
      0.5811008259654045,
      0.5829754456877708,
      0.5713991361856461,
      0.5454496240615845,
      0.525557898581028,
      0.5268643948435784,
      0.5076048263907432,
      0.5063181099295616,
      0.501865161061287,
      0.48365088045597077,
      0.4727430433034897,
      0.4567891138792038,
      0.46435562521219254,
      0.4410521125793457,
      0.429456667304039,
      0.4225725957751274,
      0.42844303995370864,
      0.4074340254068375,
      0.39137239634990695,
      0.3910311111807823,
      0.3887879702448845,
      0.3698262004554272,
      0.3732224205136299,
      0.36313662871718405,
      0.3555925552546978,
      0.3685568019747734,
      0.34092116490006447,
      0.3271560952067375,
      0.33556244120001794,
      0.33594844803214075,
      0.3198774453997612,
      0.3357416123151779,
      0.3129859612882137,
      0.30640373736619947,
      0.285810632109642,
      0.2854283119738102,
      0.2911224594712257,
      0.2917980861663818,
      0.2973795881867409,
      0.29190464347600936,
      0.28716118857264517,
      0.2701194393634796,
      0.2702041234076023,
      0.277087436914444,
      0.2677124446630478,
      0.26015488609671594,
      0.25743923425674436,
      0.2494025020301342,
      0.2567056526243687,
      0.2577303858846426,
      0.2325713410973549,
      0.24918323144316673,
      0.24521854773163795,
      0.2395625776052475,
      0.2475028145313263,
      0.2477523471415043,
      0.23626879513263702,
      0.22513826698064804,
      0.23552642598748208,
      0.22778034441173076,
      0.2165474984049797,
      0.21277565032243728,
      0.2173353836685419,
      0.21877315811812878,
      0.21823330283164977,
      0.21467874348163604,
      0.2217263453453779
    ],
    "train_acc": [
      35.4453125,
      47.5703125,
      51.4296875,
      56.2109375,
      58.6328125,
      59.4453125,
      62.7578125,
      63.125,
      64.1796875,
      65.109375,
      66.0625,
      67.7578125,
      68.3515625,
      68.7421875,
      70.015625,
      70.6015625,
      71.171875,
      71.9453125,
      72.3125,
      73.0,
      73.671875,
      73.421875,
      74.4140625,
      75.890625,
      75.8125,
      75.8515625,
      75.9609375,
      77.0625,
      77.5703125,
      78.78125,
      78.4921875,
      79.0625,
      80.2578125,
      79.7890625,
      79.890625,
      80.234375,
      81.3515625,
      82.453125,
      82.234375,
      82.671875,
      82.6875,
      83.2578125,
      83.71875,
      84.6796875,
      84.6875,
      84.484375,
      85.4140625,
      85.7109375,
      85.7421875,
      85.8671875,
      86.4296875,
      87.25,
      87.0859375,
      87.140625,
      87.7890625,
      87.6328125,
      88.2109375,
      88.2265625,
      87.8046875,
      88.890625,
      89.328125,
      88.96875,
      88.796875,
      89.5859375,
      89.015625,
      89.875,
      90.375,
      90.9375,
      90.8046875,
      90.828125,
      90.4765625,
      90.4296875,
      90.578125,
      90.8984375,
      91.4375,
      91.25,
      91.2890625,
      91.203125,
      91.4375,
      91.8125,
      92.0859375,
      91.8125,
      91.6484375,
      92.6875,
      92.0390625,
      92.125,
      92.515625,
      91.9765625,
      92.1015625,
      92.3125,
      92.8984375,
      92.1953125,
      92.6875,
      93.2578125,
      93.421875,
      93.3671875,
      92.9375,
      92.984375,
      93.1484375,
      93.046875
    ],
    "test_loss": [
      1.4855264353752136,
      1.3809522438049315,
      1.3300330978631973,
      1.1465706539154052,
      1.1868741923570634,
      1.100496545433998,
      1.1448038744926452,
      1.050883257985115,
      1.0032594448328018,
      1.010897164940834,
      1.078762902021408,
      0.9634469369053841,
      0.9938376069068908,
      0.9241049373149872,
      0.9392396700382233,
      0.9110734060406684,
      0.8961840426921844,
      0.8979204416275024,
      0.9108253222703934,
      0.8982592260837555,
      0.9164601624011993,
      0.898343859910965,
      0.8688056355714798,
      0.8482061997056007,
      0.8357747629284858,
      0.8739099898934364,
      0.8802264139056206,
      0.897412888109684,
      0.8050187823176383,
      0.850642047226429,
      0.8379541048407555,
      0.8711036697030068,
      0.86361615806818,
      0.8193345025181771,
      0.842579225897789,
      0.8970272222161293,
      0.8013721117377282,
      0.8429835537075996,
      0.7779802134633065,
      0.8066747826337815,
      0.8022715255618096,
      0.7664370253682137,
      0.7562943118810653,
      0.8195214051008225,
      0.793989477455616,
      0.8300209897756576,
      0.7792606726288795,
      0.8138079124689103,
      0.7909257438778877,
      0.7949828931689262,
      0.8343315866589546,
      0.8732420358061791,
      0.81246447712183,
      0.8343114119768142,
      0.8312765640020371,
      0.8477160957455635,
      0.8420091012120247,
      0.8325219225883483,
      0.7731710225343704,
      0.8273493373394012,
      0.8812039813399315,
      0.8989754059910774,
      0.8811358860135079,
      0.9059950503706932,
      0.8455018055438995,
      0.8633128508925438,
      0.8771975195407867,
      0.8521950155496597,
      0.9112911486625671,
      0.8646615174412727,
      0.882975404560566,
      0.8754108090698719,
      0.9056253507733345,
      0.8340907579660416,
      0.8939518676698208,
      0.9170674961805344,
      0.8853526231646538,
      0.8990019810199738,
      0.892416141629219,
      0.8928520569205284,
      0.9043707820773125,
      0.8583257061243057,
      0.8807073244452477,
      0.9149319985508919,
      0.9211470100283623,
      0.9113828049600124,
      0.9066456696391105,
      0.8948096317052842,
      0.8619857877492905,
      0.9378494107723236,
      0.8982179798185825,
      0.9432459861040116,
      0.8988867831230164,
      0.9266672408580781,
      0.9017564651370048,
      0.9101478922367096,
      0.9922342458367348,
      0.9874369916319847,
      1.015996626317501,
      0.9295423370599747
    ],