{
  "config": {
    "run_name": "exp1_2",
    "out_dir": "results",
    "seed": 42,
    "device": "cuda",
    "bs_train": 128,
    "bs_test": 32,
    "batches": 100,
    "epochs": 100,
    "early_stopping": 8,
    "checkpoints": null,
    "lr": 0.001,
    "reg": 0.001,
    "filters_per_layer": [
      32
    ],
    "pool_every": 1,
    "hidden_dims": [
      1024
    ],
    "model_type": "cnn",
    "activation_type": "relu",
    "pooling_type": "max",
    "pooling_params": {
      "kernel_size": 2,
      "padding": 1
    },
    "conv_params": {
      "kernel_size": 3,
      "padding": 1
    },
    "activation_params": {},
    "batchnorm": true,
    "dropout": 0.1,
    "kw": {},
    "layers_per_block": 2
  },
  "results": {
    "num_epochs": 0,
    "train_loss": [
      1.8777495348453521,
      1.5185143327713013,
      1.4046908354759216,
      1.3284333300590516,
      1.2521420073509217,
      1.2230756771564484,
      1.16470423579216,
      1.156593707203865,
      1.1128077268600465,
      1.0917360544204713,
      1.0576576632261276,
      1.0192499792575835,
      0.9865235197544098,
      0.985327712893486,
      0.9508011329174042,
      0.9315349078178405,
      0.910269855260849,
      0.8976129549741745,
      0.903750541806221,
      0.8653699731826783,
      0.8594495248794556,
      0.8427535992860794,
      0.8291794902086258,
      0.8157149714231491,
      0.792429364323616,
      0.7932833838462829,
      0.779435710310936,
      0.7564566493034363,
      0.736924244761467,
      0.75518798828125,
      0.7243041777610779,
      0.7142756444215774,
      0.6946951687335968,
      0.6872660076618194,
      0.6707054141163826,
      0.6718184512853622,
      0.6467885679006576,
      0.6521951684355736,
      0.6231335976719856,
      0.6237114277482033,
      0.5953383728861809,
      0.5907536977529526,
      0.5950323015451431,
      0.5669501698017121,
      0.5657411381602288,
      0.5470030152797699,
      0.5462902212142944,
      0.5264861387014389,
      0.5069781774282456,
      0.4978685602545738,
      0.5034107050299644,
      0.48606178134679795,
      0.4665227422118187,
      0.47389587193727495,
      0.4634617438912392,
      0.46728652775287627,
      0.4634819972515106,
      0.4375468724966049,
      0.43723425924777987,
      0.4431910103559494,
      0.43702954828739166,
      0.4095693093538284,
      0.4019656524062157,
      0.3965656660497189,
      0.37815369591116904,
      0.3833477328717709,
      0.3671010725200176,
      0.37025821179151536,
      0.37335625052452087,
      0.3598444625735283,
      0.35410733878612516,
      0.358408682346344,
      0.34589398697018625,
      0.3318249852955341,
      0.32314345479011536,
      0.31895099967718127,
      0.31825404196977614,
      0.31615287825465205,
      0.32608183443546296,
      0.31836659118533134,
      0.31671775817871095,
      0.2979683604836464,
      0.297159848511219,
      0.29067066192626956,
      0.29773989245295523,
      0.279189395904541,
      0.28573230385780335,
      0.2773183885216713,
      0.279158229380846,
      0.2677717113494873,
      0.25941528111696244,
      0.27271029889583587,
      0.2638988992571831,
      0.25173062443733213,
      0.26161481961607935,
      0.25273983865976335,
      0.25908601358532907,
      0.24714672163128854,
      0.24712967842817307,
      0.24711116313934325
    ],
    "train_acc": [
      30.875,
      44.6328125,
      49.03125,
      52.390625,
      55.4765625,
      55.8125,
      58.59375,
      58.5390625,
      60.2734375,
      61.5546875,
      62.8515625,
      64.1015625,
      65.1640625,
      65.375,
      66.8359375,
      67.3203125,
      68.5625,
      68.71875,
      68.3203125,
      69.6015625,
      70.03125,
      70.7265625,
      70.9375,
      71.4765625,
      72.5234375,
      72.5625,
      73.1796875,
      73.859375,
      74.203125,
      73.859375,
      74.5625,
      75.03125,
      75.8515625,
      76.09375,
      77.5390625,
      77.109375,
      77.9140625,
      77.6328125,
      78.796875,
      78.984375,
      79.5859375,
      80.1875,
      79.5703125,
      80.8984375,
      81.1328125,
      81.5078125,
      81.8515625,
      81.8984375,
      82.71875,
      83.390625,
      83.203125,
      83.7265625,
      84.453125,
      83.7421875,
      84.625,
      84.0234375,
      84.375,
      85.2109375,
      85.8359375,
      84.9921875,
      85.3984375,
      86.6875,
      86.6953125,
      87.296875,
      87.921875,
      87.46875,
      87.78125,
      87.859375,
      87.5703125,
      88.375,
      88.359375,
      88.1953125,
      88.8359375,
      89.1328125,
      89.6953125,
      89.7109375,
      89.8359375,
      89.5078125,
      89.453125,
      89.4296875,
      89.4375,
      90.1875,
      90.34375,
      90.859375,
      90.3125,
      90.9140625,
      90.640625,
      90.859375,
      90.90625,
      91.4921875,
      91.6328125,
      91.1328125,
      91.75,
      91.984375,
      91.7109375,
      92.15625,
      91.703125,
      92.2734375,
      91.9609375,
      92.3671875
    ],
    "test_loss": [
      1.5370629823207855,
      1.4197202980518342,
      1.3711534386873245,
      1.2792063057422638,
      1.233945801258087,
      1.1656950134038926,
      1.1917735463380814,
      1.1775631988048554,
      1.119381102323532,
      1.1190838795900344,
      1.072567377090454,
      1.0486291754245758,
      1.0099078071117402,
      1.0172253811359406,
      0.9525301069021225,
      0.9691140937805176,
      1.0032300996780394,
      0.9869923293590546,
      1.011794489622116,
      0.9274008214473725,
      0.9805997061729431,
      0.9377891534566879,
      0.9127521246671677,
      0.9221687650680542,
      0.9038033798336983,
      0.9134876382350922,
      0.8895824459195137,
      0.9163881903886795,
      0.8814909341931343,
      0.8598821431398391,
      0.8524076992273331,
      0.9169023656845092,
      0.8833298230171204,
      0.8598292759060859,
      0.8485877898335457,
      0.8613227334618568,
      0.8755201616883278,
      0.8246270537376403,
      0.8935678240656852,
      0.8569576385617256,
      0.8057737571001052,
      0.8179575732350349,
      0.8453160738945007,
      0.7994516015052795,
      0.8103134089708328,
      0.8681573891639709,
      0.8303856804966927,
      0.8023061126470565,
      0.8705749262869358,
      0.7897120839357377,
      0.8271646443009376,
      0.8361546570062637,
      0.8041721871495247,
      0.8365793037414551,
      0.8128841918706894,
      0.8002141973376274,
      0.8581446033716201,
      0.831151005923748,
      0.845001625418663,
      0.8466316974163055,
      0.8468845605850219,
      0.8441687202453614,
      0.841395085155964,
      0.8834467118978501,
      0.8690536126494408,
      0.8751919904351234,
      0.8409737452864647,
      0.8822611767053604,
      0.88055022418499,
      0.8058400538563728,
      0.8591273713111878,
      0.882065223455429,
      0.8601126515865326,
      0.9495591035485268,
      0.9032162472605705,
      0.9116604262590409,
      0.9277522757649421,
      0.8804688966274261,
      0.8890395453572273,
      0.8787004202604294,
      0.93150142878294,
      0.9107690045237541,
      0.8733818474411964,
      0.9432166939973832,
      0.9001794779300689,
      0.8835345041751862,
      0.8600391834974289,
      0.9012811136245727,
      0.9246896076202392,
      0.8823531723022461,
      0.9366744175553322,
      0.9716545689105988,
      0.9051501515507698,
      0.9315264445543289,
      0.9721380764245987,
      0.9352824193239212,
      0.9072711855173111,
      0.9637002411484719,
      0.9500216719508171,
      1.0107662111520768
    ],