{
  "config": {
    "run_name": "exp1_1",
    "out_dir": "results",
    "seed": 42,
    "device": "cuda",
    "bs_train": 128,
    "bs_test": 32,
    "batches": 100,
    "epochs": 100,
    "early_stopping": 5,
    "checkpoints": null,
    "lr": 0.001,
    "reg": 0.001,
    "filters_per_layer": [
      64
    ],
    "pool_every": 2,
    "hidden_dims": [
      1024
    ],
    "model_type": "cnn",
    "activation_type": "relu",
    "pooling_type": "max",
    "pooling_params": {
      "kernel_size": 2
    },
    "conv_params": {
      "kernel_size": 3,
      "padding": 1
    },
    "activation_params": {},
    "batchnorm": true,
    "dropout": 0.1,
    "kw": {},
    "layers_per_block": 2
  },
  "results": {
    "num_epochs": 0,
    "train_loss": [
      1.8600798010826112,
      1.4697725045681,
      1.3783843529224395,
      1.270762276649475,
      1.2588541340827941,
      1.1742932069301606,
      1.1164520901441575,
      1.0961064875125885,
      1.057107799053192,
      1.0351550096273423,
      0.9777153652906417,
      0.9790693867206574,
      0.9394136148691178,
      0.9039314776659012,
      0.8809647887945176,
      0.8529627579450607,
      0.8172809255123138,
      0.7980207204818726,
      0.7602974635362625,
      0.7471807336807251,
      0.7269784197211265,
      0.7149590033292771,
      0.6841256594657898,
      0.6545992577075959,
      0.6304703849554062,
      0.6067600655555725,
      0.6061785605549812,
      0.5795399621129036,
      0.5668467575311661,
      0.5507559424638748,
      0.5271475684642791,
      0.5205225601792336,
      0.49748890310525895,
      0.49726240903139113,
      0.45406701147556305,
      0.4462194263935089,
      0.4476496741175652,
      0.42761522948741915,
      0.4064272724092007,
      0.3988447953760624,
      0.395550377368927,
      0.3757907968759537,
      0.38228016301989554,
      0.3745368456840515,
      0.3620794486999512,
      0.3283138144016266,
      0.3234104788303375,
      0.3281326153874397,
      0.302089538872242,
      0.3081586168706417,
      0.2982179889082909,
      0.2869491006433964,
      0.2932350893318653,
      0.2865586940944195,
      0.27565484412014485,
      0.24914089001715184,
      0.26422153376042845,
      0.2658687402307987,
      0.27034907415509224,
      0.26139220491051673,
      0.2457399022579193,
      0.2306928662955761,
      0.2245667700469494,
      0.23970173746347428,
      0.22685601100325584,
      0.23185729950666428,
      0.22135537952184678,
      0.2204519398510456,
      0.21641373611986636,
      0.21945301860570907,
      0.21479010760784148,
      0.22354603841900825,
      0.20751852072775365,
      0.19503624677658082,
      0.2130872817337513,
      0.2028217677772045,
      0.20829650022089483,
      0.2056208462268114,
      0.19237027652561664,
      0.19224719420075417,
      0.1963340278714895,
      0.19231440253555776,
      0.18490766003727913,
      0.1882754747569561,
      0.1861462789773941,
      0.18338217936456203,
      0.1992353165894747,
      0.18681820355355738,
      0.1838241370767355,
      0.18398686088621616,
      0.189710935279727,
      0.17546856604516506,
      0.17881179854273796,
      0.17016898065805436,
      0.1808916936069727,
      0.17520450882613658,
      0.1684151567518711,
      0.18602155327796935,
      0.1650731582939625,
      0.16662793792784214
    ],
    "train_acc": [
      31.7421875,
      46.671875,
      50.234375,
      53.953125,
      54.9296875,
      57.8671875,
      60.6875,
      61.53125,
      62.671875,
      63.1953125,
      65.84375,
      65.328125,
      67.0,
      68.53125,
      68.6484375,
      70.0078125,
      71.40625,
      71.9609375,
      73.46875,
      74.3671875,
      74.453125,
      75.40625,
      76.203125,
      77.3515625,
      78.53125,
      79.515625,
      79.4765625,
      79.9921875,
      80.875,
      81.6484375,
      82.0625,
      82.9765625,
      83.375,
      83.515625,
      84.8125,
      85.4609375,
      85.3046875,
      86.2265625,
      86.734375,
      86.75,
      86.640625,
      87.8515625,
      87.3359375,
      87.890625,
      87.9296875,
      89.5859375,
      89.6640625,
      89.4140625,
      90.3984375,
      90.0703125,
      90.53125,
      90.5546875,
      90.4921875,
      90.6171875,
      91.09375,
      92.21875,
      91.5078125,
      91.2421875,
      91.2890625,
      91.5859375,
      92.0859375,
      92.390625,
      92.7734375,
      92.2265625,
      92.71875,
      92.3828125,
      92.9140625,
      92.7734375,
      93.09375,
      92.9921875,
      93.0546875,
      92.78125,
      93.375,
      93.5390625,
      93.015625,
      93.484375,
      93.46875,
      93.2109375,
      93.7109375,
      93.5078125,
      93.71875,
      93.84375,
      93.96875,
      94.1953125,
      93.84375,
      93.921875,
      93.6328125,
      93.8828125,
      94.0546875,
      93.921875,
      93.984375,
      94.125,
      94.0859375,
      94.421875,
      93.9765625,
      94.3125,
      94.4921875,
      93.875,
      95.0859375,
      94.4609375
    ],
    "test_loss": [
      1.5773027551174164,
      1.3835356914997101,
      1.327516240477562,
      1.2354082459211349,
      1.233617004752159,
      1.198839284181595,
      1.1712763023376465,
      1.1297202956676484,
      1.1314143007993698,
      1.2006664508581162,
      1.1495119392871858,
      1.036929758787155,
      1.0169031196832656,
      1.037074140906334,
      0.9851179137825966,
      1.0476210290193557,
      0.9880623617768287,
      1.0179012817144395,
      1.0003312453627586,
      0.9180942872166633,
      0.9577466776967049,
      0.9523571014404297,
      0.9773416939377785,
      1.025270121693611,
      0.962541344165802,
      0.9188971465826035,
      0.952997558414936,
      0.9506509479880333,
      0.963769080042839,
      0.9155683153867722,
      0.9273401463031768,
      0.9675034648180008,
      0.940078074336052,
      0.9174243405461311,
      1.0905224269628524,
      0.9457984921336174,
      1.0026043647527694,
      1.0170859608054161,
      0.9687089750170708,
      1.0202392318844795,
      1.036161216199398,
      1.028179574906826,
      1.1042867189645766,
      1.0483357766270638,
      1.0213567343354226,
      1.0157756811380387,
      1.0942208242416382,
      1.0604108989238739,
      1.1097990038990975,
      1.0783156388998032,
      1.1348958897590637,
      1.134987733066082,
      1.1138094499707223,
      1.1129679155349732,
      1.1068616583943367,
      1.2106848812103272,
      1.1417794296145438,
      1.1499752032756805,
      1.1537168794870376,
      1.2054743242263795,
      1.1768646267056466,
      1.2478255850076676,
      1.1462132281064987,
      1.167843970656395,
      1.2361549618840217,
      1.2690350288152694,
      1.2369043332338334,
      1.1338833525776864,
      1.1783969980478286,
      1.267742507457733,
      1.294708950817585,
      1.2904673141241074,
      1.2653356820344925,
      1.2925127816200257,
      1.2563607212901116,
      1.2917558497190476,
      1.32858014523983,
      1.215569630265236,
      1.2693616080284118,
      1.2244129019975662,
      1.2893395417928695,
      1.2711807900667191,
      1.301237308382988,
      1.2877308008074762,
      1.2383123248815537,
      1.328100905418396,
      1.3114915072917939,
      1.3005133098363877,
      1.3285969668626785,
      1.3226420590281487,
      1.331379369199276,
      1.3943206852674483,
      1.27400112003088,
      1.4334021228551865,
      1.4154299312829972,
      1.3090987160801888,
      1.373407999575138,
      1.288855884373188,
      1.331606823205948,
      1.3985280510783196
    ],