{
  "config": {
    "run_name": "exp1_4",
    "out_dir": "results",
    "seed": 42,
    "device": "cuda",
    "bs_train": 128,
    "bs_test": 32,
    "batches": 100,
    "epochs": 100,
    "early_stopping": 4,
    "checkpoints": null,
    "lr": 0.001,
    "reg": 0.001,
    "filters_per_layer": [
      32
    ],
    "pool_every": 3,
    "hidden_dims": [
      1024
    ],
    "model_type": "resnet",
    "activation_type": "relu",
    "pooling_type": "max",
    "pooling_params": {
      "kernel_size": 2,
      "padding": 1
    },
    "conv_params": {
      "kernel_size": 3,
      "padding": 1
    },
    "activation_params": {},
    "batchnorm": true,
    "dropout": 0.1,
    "kw": {},
    "layers_per_block": 8
  },
  "results": {
    "num_epochs": 0,
    "train_loss": [
      1.9209907281398773,
      1.4771256303787232,
      1.300438802242279,
      1.172369311451912,
      1.0765966284275055,
      0.9868224382400512,
      0.9374741834402084,
      0.8534449362754821,
      0.8001138693094254,
      0.7748400139808654,
      0.7374334001541137,
      0.6963909953832627,
      0.6872337192296982,
      0.6653892651200295,
      0.6274415469169616,
      0.6000050058960915,
      0.5739957392215729,
      0.5525745022296905,
      0.5387209403514862,
      0.5160368120670319,
      0.5051734781265259,
      0.48312326699495317,
      0.470534570813179,
      0.44874745517969133,
      0.4308949536085129,
      0.4116059559583664,
      0.40985335886478425,
      0.39766069516539576,
      0.3912968076765537,
      0.3628775604069233,
      0.366923086643219,
      0.3620787012577057,
      0.3362558987736702,
      0.3478808954358101,
      0.32403586089611053,
      0.3115411272644997,
      0.30712186560034754,
      0.28805681854486465,
      0.28316379502415656,
      0.27905027955770495,
      0.26952225401997565,
      0.26894294798374174,
      0.2637030316889286,
      0.2694177994132042,
      0.2460244145989418,
      0.2551816779375076,
      0.24958076886832714,
      0.22747703976929187,
      0.24492671221494675,
      0.23230161994695664,
      0.23461645856499672,
      0.22867600612342356,
      0.21430031433701516,
      0.22007906690239906,
      0.20596636898815632,
      0.2129160363972187,
      0.21212131664156914,
      0.20737020142376422,
      0.20441953629255294,
      0.19811080023646355,
      0.19113449461758136,
      0.19052737578749657,
      0.19668237313628198,
      0.18764903426170348,
      0.18687534600496292,
      0.19500963822007178,
      0.19690617553889753,
      0.19150821946561336,
      0.18344750255346298,
      0.18704423636198045,
      0.1754499651491642,
      0.17652813777327536,
      0.1787438154965639,
      0.18228211164474487,
      0.17470695830881597,
      0.16678815331310035,
      0.17771121092140674,
      0.17668271876871586,
      0.18080466032028197,
      0.1681230232492089,
      0.15951083172112704,
      0.1662266930192709,
      0.17637772038578986,
      0.1697208832204342,
      0.17024722665548325,
      0.17042006589472294
    ],
    "train_acc": [
      30.21875,
      46.9765625,
      53.0625,
      57.78125,
      62.3125,
      64.828125,
      66.4765625,
      69.5234375,
      71.859375,
      72.671875,
      74.078125,
      75.7890625,
      75.875,
      76.984375,
      78.3046875,
      79.1171875,
      79.890625,
      80.78125,
      81.484375,
      82.421875,
      82.828125,
      83.25,
      84.09375,
      84.6953125,
      85.0703125,
      86.0234375,
      86.2578125,
      86.3984375,
      86.4921875,
      87.4609375,
      87.4375,
      87.46875,
      88.53125,
      88.4140625,
      88.828125,
      89.5859375,
      89.7890625,
      90.4453125,
      90.3203125,
      90.4609375,
      90.9765625,
      90.921875,
      91.203125,
      90.8984375,
      91.5234375,
      91.3515625,
      91.703125,
      92.2265625,
      92.0390625,
      92.484375,
      92.34375,
      92.3828125,
      92.828125,
      92.59375,
      93.25,
      92.8828125,
      92.671875,
      93.1640625,
      93.1953125,
      93.234375,
      93.671875,
      93.5859375,
      93.3125,
      93.6015625,
      93.734375,
      93.421875,
      93.2578125,
      93.296875,
      93.75,
      93.78125,
      94.0625,
      94.046875,
      93.96875,
      93.9921875,
      94.0234375,
      94.2578125,
      94.1640625,
      94.21875,
      93.9609375,
      94.40625,
      94.703125,
      94.2578125,
      94.0390625,
      94.5,
      94.2890625,
      94.03125
    ],
    "test_loss": [
      1.615994052886963,
      1.3886014938354492,
      1.1834961968660354,
      1.110450679063797,
      1.037149583697319,
      0.9889566677808762,
      0.9131570279598236,
      0.9095181721448898,
      0.8299500626325608,
      0.851101484298706,
      0.7808220368623734,
      0.8340216451883316,
      0.7502646443247795,
      0.7965761631727218,
      0.7812102645635605,
      0.7425642636418343,
      0.794965797662735,
      0.752188503742218,
      0.7458987247943878,
      0.8441497790813446,
      0.7380218660831451,
      0.735713307261467,
      0.7467972761392594,
      0.702274904847145,
      0.8078394643962383,
      0.7292506837844849,
      0.7457617425918579,
      0.689503510594368,
      0.7313407579064369,
      0.7701934748888015,
      0.8194123092293739,
      0.7419585457444191,
      0.7747892466187477,
      0.7610360701382161,
      0.788054030686617,
      0.6773584382236004,
      0.7415997365117073,
      0.7855700436234474,
      0.7866503056883812,
      0.742165462076664,
      0.781515808403492,
      0.7770626894384622,
      0.8955655750632286,
      0.8574348150193691,
      0.7731796929240227,
      0.8064777222275734,
      0.8090232639014721,
      0.7895791354775429,
      0.7752128821611405,
      0.7803809441626072,
      0.8818357683718204,
      0.8745902271568775,
      0.8460522037744522,
      0.8233581984043121,
      0.8552312190830708,
      0.855608414709568,
      0.8647810257971287,
      0.8600463536381722,
      0.9201366673782467,
      0.8557289144396782,
      0.8649323906004429,
      0.9236442795395852,
      0.878545985519886,
      0.8357241207361221,
      0.7767092820256949,
      0.8421465411782265,
      0.8115733034908772,
      0.8162842465937138,
      0.8653760060667992,
      0.9254563465714455,
      0.8722476869821548,
      0.8582632817327976,
      0.9151146557927131,
      0.863068264722824,
      0.8723772644996644,
      0.8915503400564194,
      0.8397338905930519,
      0.8409701010584831,
      0.8118823669850826,
      0.8513899686932563,
      0.9153742954134941,
      0.9031635576486587,
      0.9167230558395386,
      0.932627707272768,
      0.9346383614838123,
      0.954741563796997
    ],