{
  "config": {
    "run_name": "exp1_2",
    "out_dir": "results",
    "seed": 42,
    "device": "cuda",
    "bs_train": 128,
    "bs_test": 32,
    "batches": 100,
    "epochs": 100,
    "early_stopping": 8,
    "checkpoints": null,
    "lr": 0.001,
    "reg": 0.001,
    "filters_per_layer": [
      128
    ],
    "pool_every": 3,
    "hidden_dims": [
      1024
    ],
    "model_type": "cnn",
    "activation_type": "relu",
    "pooling_type": "max",
    "pooling_params": {
      "kernel_size": 2,
      "padding": 1
    },
    "conv_params": {
      "kernel_size": 3,
      "padding": 1
    },
    "activation_params": {},
    "batchnorm": true,
    "dropout": 0.1,
    "kw": {},
    "layers_per_block": 8
  },
  "results": {
    "num_epochs": 0,
    "train_loss": [
      2.303178825378418,
      2.302682354450226,
      2.3026541328430175,
      2.302531111240387,
      2.302698481082916,
      2.3025886940956117,
      2.302809431552887,
      2.3026139688491822,
      2.3025934624671938
    ],
    "train_acc": [
      9.578125,
      9.9609375,
      10.140625,
      10.4375,
      9.9375,
      9.9609375,
      10.09375,
      9.75,
      10.0859375
    ],
    "test_loss": [
      2.302585518360138,
      2.302680051326752,
      2.3024141812324523,
      2.3026703715324404,
      2.302607550621033,
      2.302542803287506,
      2.302770109176636,
      2.302669396400452,
      2.3023974084854126
    ],
    "test_acc": [
      10.4375,
      10.34375,
      10.34375,
      10.0625,
      10.0,
      9.34375,
      9.1875,
      9.40625,
      10.03125
    ]
  }
}