{
  "config": {
    "run_name": "exp1_2",
    "out_dir": "results",
    "seed": 42,
    "device": "cuda",
    "bs_train": 128,
    "bs_test": 32,
    "batches": 100,
    "epochs": 100,
    "early_stopping": 8,
    "checkpoints": null,
    "lr": 0.001,
    "reg": 0.001,
    "filters_per_layer": [
      128
    ],
    "pool_every": 1,
    "hidden_dims": [
      1024
    ],
    "model_type": "cnn",
    "activation_type": "relu",
    "pooling_type": "max",
    "pooling_params": {
      "kernel_size": 2,
      "padding": 1
    },
    "conv_params": {
      "kernel_size": 3,
      "padding": 1
    },
    "activation_params": {},
    "batchnorm": true,
    "dropout": 0.1,
    "kw": {},
    "layers_per_block": 2
  },
  "results": {
    "num_epochs": 0,
    "train_loss": [
      1.9246102011203765,
      1.5114535593986511,
      1.3937446188926697,
      1.3151801002025605,
      1.2503932809829712,
      1.1814378583431244,
      1.160440874695778,
      1.1179813712835311,
      1.0878798085451127,
      1.0632408720254898,
      1.0135516816377639,
      1.0021392238140105,
      0.9887199157476425,
      0.9563477385044098,
      0.9320563119649887,
      0.9292701464891434,
      0.9067788207530976,
      0.8570442521572113,
      0.8698500949144363,
      0.8495416134595871,
      0.8262031382322311,
      0.8308139216899871,
      0.7888314324617386,
      0.7781588786840439,
      0.7729274266958237,
      0.7366185969114304,
      0.7504022610187531,
      0.736725103855133,
      0.7124056419730187,
      0.6973176294565201,
      0.6944703382253646,
      0.6473188209533691,
      0.6601036792993545,
      0.6600769683718681,
      0.6509150463342667,
      0.6255159974098206,
      0.5995082274079323,
      0.5888714677095414,
      0.5909510073065758,
      0.5684238186478615,
      0.5572047489881515,
      0.5374646231532096,
      0.5438695430755616,
      0.5127800393104553,
      0.5305092692375183,
      0.5039845764636993,
      0.49630965799093246,
      0.4759371426701546,
      0.4657214117050171,
      0.4601482203602791,
      0.46799695789813994,
      0.46906605213880537,
      0.44404669433832167,
      0.42417523682117464,
      0.406119327545166,
      0.41667392626404764,
      0.40843758076429365,
      0.39008454710245133,
      0.40689257994294165,
      0.38586378410458566,
      0.36876179501414297,
      0.3681740440428257,
      0.35762304365634917,
      0.34661153331398964,
      0.33566155791282654,
      0.3273840719461441,
      0.3481443114578724,
      0.32344638675451276,
      0.3286466217041016,
      0.31079621642827987,
      0.3048527318239212,
      0.30818934231996536,
      0.2902824804186821,
      0.2930525416135788,
      0.2935316230356693,
      0.2932263147830963,
      0.2872425451874733,
      0.28141006603837015,
      0.2657648389041424,
      0.2696044343709946,
      0.27868973687291143,
      0.2715912498533726,
      0.2513865493237972,
      0.261770398914814,
      0.24494110345840453,
      0.2500003358721733,
      0.24591139234602452,
      0.24865986168384552,
      0.23575843021273613,
      0.24388508960604668,
      0.24001719430088997,
      0.23894978910684586,
      0.22379099652171136,
      0.2207697321474552,
      0.233183935880661,
      0.22510411232709884,
      0.22470032066106796,
      0.22027795493602753,
      0.21660730198025704,
      0.21717581152915955
    ],
    "train_acc": [
      30.125,
      45.7578125,
      49.21875,
      52.9375,
      54.7109375,
      57.8125,
      58.8125,
      60.15625,
      61.671875,
      62.2890625,
      63.9609375,
      64.234375,
      64.6875,
      65.7890625,
      66.9921875,
      66.59375,
      68.03125,
      69.8203125,
      69.5703125,
      70.1953125,
      70.6484375,
      70.8515625,
      72.15625,
      72.7109375,
      72.46875,
      74.7421875,
      73.8515625,
      74.5546875,
      75.2109375,
      75.84375,
      75.578125,
      77.703125,
      77.6171875,
      77.1328125,
      77.734375,
      78.359375,
      79.765625,
      80.0234375,
      79.4140625,
      80.6328125,
      80.8671875,
      81.625,
      81.5390625,
      82.3125,
      82.0859375,
      83.171875,
      83.125,
      84.0078125,
      84.1328125,
      84.5703125,
      84.2265625,
      83.9609375,
      85.140625,
      85.6640625,
      86.734375,
      86.2265625,
      86.53125,
      87.140625,
      86.2890625,
      87.296875,
      87.578125,
      87.65625,
      88.203125,
      89.0,
      89.015625,
      89.1484375,
      88.265625,
      89.1875,
      89.0625,
      89.6953125,
      90.03125,
      89.921875,
      90.6640625,
      90.4609375,
      90.171875,
      90.453125,
      90.546875,
      90.8984375,
      91.1171875,
      91.3046875,
      90.8515625,
      91.234375,
      91.6640625,
      91.453125,
      92.0625,
      91.78125,
      92.0078125,
      92.046875,
      92.2421875,
      92.0078125,
      92.2734375,
      92.2890625,
      92.8203125,
      92.75,
      92.3046875,
      93.0546875,
      92.6640625,
      92.7890625,
      93.171875,
      93.078125
    ],
    "test_loss": [
      1.6623845350742341,
      1.4225080811977386,
      1.359111225605011,
      1.249317809343338,
      1.2220188200473785,
      1.1865605568885804,
      1.1535124832391739,
      1.1185469567775725,
      1.136593714952469,
      1.112888630628586,
      1.0729849928617476,
      1.024944281578064,
      1.1056320947408675,
      1.030842232108116,
      1.0223920050263404,
      0.9947315990924835,
      0.9858543008565903,
      0.9728545147180557,
      1.0917834758758544,
      0.9671251899003983,
      0.9585623115301132,
      0.9676175236701965,
      0.9536684849858283,
      0.9457729142904282,
      0.9373903626203537,
      0.9270867758989334,
      0.9593697410821914,
      0.8947988805174828,
      0.9099188998341561,
      0.8831987079977989,
      0.8715888690948487,
      0.8756588181853294,
      0.9107510754466057,
      0.8719968774914741,
      0.9315232867002488,
      0.8738705426454544,
      0.8758823230862618,
      0.8413617262244224,
      0.8601870137453079,
      0.8474122071266175,
      0.872483788728714,
      0.8822932824492454,
      0.8765902924537659,
      0.8660176491737366,
      0.878901781141758,
      0.8525177812576294,
      0.8775262087583542,
      0.9259389406442642,
      0.8836624151468278,
      0.918819995522499,
      0.8722307479381561,
      0.873558316230774,
      0.8743203854560853,
      0.9190263545513153,
      0.893103007376194,
      0.8970683285593987,
      0.8513642778992653,
      0.8699443516135216,
      0.9130573812127113,
      0.8935181733965873,
      0.8939108407497406,
      0.9376817509531975,
      0.9113310086727142,
      0.985178349018097,
      0.946199147105217,
      0.9476059621572495,
      0.9927047604322433,
      0.9908812165260314,
      0.9636130633950234,
      1.0399217429757117,
      1.020927062034607,
      0.9315972846746444,
      0.9849553585052491,
      0.9597040975093841,
      0.9578787934780121,
      0.9335087084770203,
      1.0465854841470719,
      0.9220548152923584,
      1.047311432659626,
      1.0415442676842213,
      0.9868276107311249,
      1.022827622294426,
      1.0008864349126816,
      1.0705058568716048,
      1.016008879840374,
      1.0133882689476013,
      1.0072715881466865,
      1.0841079702973366,
      1.0766788479685783,
      1.0459148752689362,
      1.0217477795481682,
      1.0466591635346412,
      1.043466622531414,
      1.126036997139454,
      1.1159901109337806,
      1.0348221001029014,
      1.0152180036902427,
      1.0818562665581704,
      1.044658634364605,
      1.0891439521312714
    ],