{
  "config": {
    "run_name": "exp2",
    "out_dir": "results",
    "seed": 42,
    "device": "cuda",
    "bs_train": 128,
    "bs_test": 32,
    "batches": 100,
    "epochs": 100,
    "early_stopping": 4,
    "checkpoints": null,
    "lr": 0.001,
    "reg": 0.001,
    "filters_per_layer": [
      32,
      64,
      128
    ],
    "pool_every": 4,
    "hidden_dims": [
      1024
    ],
    "model_type": "ycn",
    "activation_type": "relu",
    "pooling_type": "max",
    "pooling_params": {
      "kernel_size": 3,
      "padding": 1
    },
    "conv_params": {
      "kernel_size": 3,
      "padding": 1
    },
    "activation_params": {},
    "batchnorm": true,
    "dropout": 0.1,
    "kw": {},
    "layers_per_block": 9
  },
  "results": {
    "num_epochs": 0,
    "train_loss": [
      1.9352634859085083,
      1.6304533636569978,
      1.49157328248024,
      1.3757101678848267,
      1.298298443555832,
      1.2006722259521485,
      1.1183566200733184,
      1.0801329219341278,
      1.009020113348961,
      0.972843936085701,
      0.93802969455719,
      0.9093500745296478,
      0.8779733622074127,
      0.8771665149927139,
      0.8358742862939834,
      0.8149985802173615,
      0.7899209648370743,
      0.7876766663789749,
      0.7688471782207489,
      0.7587291049957275,
      0.7539822787046433,
      0.7285213643312454,
      0.7198976349830627,
      0.6967924684286118,
      0.7014043760299683,
      0.6787009182572364,
      0.6710009667277336,
      0.6756303226947784,
      0.6765518692135811,
      0.6492606768012047,
      0.6457845243811607,
      0.6445292410254478,
      0.6446631264686584,
      0.6252892342209816,
      0.6296361723542213,
      0.6268278500437736,
      0.6237314751744271,
      0.6240820533037186,
      0.6129975694417954,
      0.5882553371787071,
      0.5907513210177422,
      0.5982397624850273,
      0.5716851422190666,
      0.5655277818441391,
      0.5762916523218155,
      0.5653405296802521,
      0.5729345855116844,
      0.5489899978041649,
      0.5460290804505348,
      0.5436857545375824,
      0.5506886786222458,
      0.5559870219230652,
      0.540373082458973,
      0.5397826233506202,
      0.5344008219242096,
      0.5314106154441833,
      0.5195361182093621,
      0.5321322801709175,
      0.5187222170829773,
      0.5207464081048966,
      0.5232717955112457,
      0.5194417721033097,
      0.5118379679322242,
      0.5121702203154563,
      0.4920866620540619,
      0.5091509774327279,
      0.5048708862066269,
      0.4979231438040733,
      0.4949331814050674,
      0.49170482128858567,
      0.47814244002103806,
      0.48620410352945326,
      0.5064937740564346,
      0.4933072808384895,
      0.4812500768899918,
      0.46400863394141195,
      0.48110019624233247,
      0.47442004770040513,
      0.48390116751194,
      0.486326157450676,
      0.480267234146595,
      0.4637598937749863,
      0.45979229927062987,
      0.4656247454881668,
      0.46788381189107897,
      0.47601342380046846,
      0.46310563653707504,
      0.47471948951482773,
      0.47880903333425523,
      0.47872780382633207,
      0.46539751648902894,
      0.46044058114290237,
      0.44538799434900284,
      0.4566064614057541,
      0.46261373430490493,
      0.44686397701501845,
      0.45187036842107775,
      0.44966463148593905,
      0.4441840136051178,
      0.44462144628167155
    ],
    "train_acc": [
      25.859375,
      39.1328125,
      44.5,
      49.4140625,
      52.7265625,
      56.4453125,
      59.796875,
      61.6328125,
      64.328125,
      64.9296875,
      66.9140625,
      67.8203125,
      69.15625,
      69.25,
      70.828125,
      71.5234375,
      72.2734375,
      72.4296875,
      73.3828125,
      73.796875,
      73.96875,
      74.625,
      74.9375,
      76.4296875,
      75.625,
      76.6328125,
      76.6015625,
      76.6328125,
      76.375,
      77.6171875,
      77.703125,
      77.96875,
      77.4609375,
      78.6171875,
      78.359375,
      78.28125,
      78.265625,
      78.2890625,
      78.7421875,
      79.53125,
      79.578125,
      79.3046875,
      80.1015625,
      80.6171875,
      80.4765625,
      80.6640625,
      80.4453125,
      81.34375,
      80.828125,
      81.09375,
      81.15625,
      80.65625,
      81.5390625,
      81.140625,
      81.3515625,
      81.4609375,
      82.09375,
      81.859375,
      82.046875,
      82.375,
      82.03125,
      81.6171875,
      82.6171875,
      82.1484375,
      82.765625,
      82.3984375,
      82.4765625,
      82.9140625,
      82.7421875,
      83.0625,
      83.71875,
      83.078125,
      82.625,
      82.6640625,
      83.1875,
      83.8203125,
      83.7109375,
      83.7421875,
      83.46875,
      82.9921875,
      83.7265625,
      84.109375,
      84.125,
      84.296875,
      83.6796875,
      83.3125,
      84.09375,
      83.4453125,
      83.59375,
      83.2890625,
      84.0078125,
      84.2890625,
      84.6171875,
      84.359375,
      84.046875,
      84.609375,
      84.0546875,
      84.359375,
      84.625,
      84.828125
    ],
    "test_loss": [
      1.6993671691417693,
      1.5125471723079682,
      1.427326871752739,
      1.3505345392227173,
      1.268377217054367,
      1.1850509607791901,
      1.0533438837528228,
      0.9863982158899307,
      1.2672263532876968,
      1.0144517266750335,
      0.9263952639698982,
      0.8698202210664749,
      0.9090475371479988,
      0.8777349439263343,
      0.82114293217659,
      0.8867304801940918,
      0.8324977448582649,
      0.7455526196956634,
      0.7543376082181931,
      0.8353902819752693,
      0.7810342866182327,
      0.7820236225426197,
      0.7457259514927864,
      0.7258993601799011,
      0.7597596395015717,
      0.7643438893556594,
      0.7583079597353936,
      0.7215451559424401,
      0.6945600600540638,
      0.710285874903202,
      0.7191616114974022,
      0.7491917914152145,
      0.6925131271779538,
      0.7072086025774479,
      0.7316332423686981,
      0.6631852063536644,
      0.7337657457590103,
      0.751595017015934,
      0.7255047023296356,
      0.7157414132356643,
      0.6635160760581493,
      0.6682155500352382,
      0.6466439320147037,
      0.6515173123776913,
      0.6538973391056061,
      0.6607698798179626,
      0.6368031790852546,
      0.6482951834797859,
      0.6382656592130661,
      0.6472987295687198,
      0.6312366104125977,
      0.6441838911175728,
      0.6473058858513832,
      0.6101801012456417,
      0.6571790915727616,
      0.6397069717943669,
      0.6126182796061039,
      0.6621600127220154,
      0.6798962172865868,
      0.704728853404522,
      0.6377643407881259,
      0.6078397651016713,
      0.6279260063171387,
      0.6514637050032616,
      0.7377995747327805,
      0.6079250608384609,
      0.6216955649852752,
      0.625918724834919,
      0.6552682961523533,
      0.6224383313953876,
      0.6078277325630188,
      0.6357378122210503,
      0.6577463385462761,
      0.6300043061375618,
      0.660789766907692,
      0.6053890274465084,
      0.6399700400233269,
      0.6466673284769058,
      0.5923788027465343,
      0.6642367805540562,
      0.6319418961554766,
      0.6772511440515518,
      0.5808056111633778,
      0.6033436676859856,
      0.6509119968116284,
      0.6146964947879314,
      0.6448978090286255,
      0.6737474784255028,
      0.6166552117466927,
      0.7199638283252716,
      0.5742548497021198,
      0.6117713111639023,
      0.6048830489814282,
      0.5978183573484421,
      0.6173406085371971,
      0.6351580744981766,
      0.6039937850087881,
      0.5625488132238388,
      0.6879221703112125,
      0.5428500734269619
    ],