{
  "config": {
    "run_name": "exp2",
    "out_dir": "results",
    "seed": 42,
    "device": "cuda",
    "bs_train": 128,
    "bs_test": 32,
    "batches": 100,
    "epochs": 100,
    "early_stopping": 4,
    "checkpoints": null,
    "lr": 0.001,
    "reg": 0.001,
    "filters_per_layer": [
      32,
      64,
      128
    ],
    "pool_every": 6,
    "hidden_dims": [
      1024
    ],
    "model_type": "ycn",
    "activation_type": "relu",
    "pooling_type": "max",
    "pooling_params": {
      "kernel_size": 3,
      "padding": 1
    },
    "conv_params": {
      "kernel_size": 3,
      "padding": 1
    },
    "activation_params": {},
    "batchnorm": true,
    "dropout": 0.1,
    "kw": {},
    "layers_per_block": 12
  },
  "results": {
    "num_epochs": 0,
    "train_loss": [
      2.0141196990013124,
      1.7366990768909454,
      1.6286590564250947,
      1.5175633037090301,
      1.4429834306240081,
      1.3376927590370178,
      1.2746256923675536,
      1.2328094398975373,
      1.1883588963747025,
      1.143668891787529,
      1.0727905982732773,
      1.0658578383922577,
      1.0192530053853988,
      1.0150332885980606,
      0.9751998883485794,
      0.9495307552814484,
      0.9079633694887161,
      0.8988393002748489,
      0.9133317804336548,
      0.8717488503456116,
      0.8699430507421494,
      0.8431139975786209,
      0.8392436665296554,
      0.8296005922555924,
      0.8112639427185059,
      0.7930858916044236,
      0.7693545991182327,
      0.774605775475502,
      0.7591915643215179,
      0.7507924938201904,
      0.7487627756595612,
      0.7350289598107338,
      0.7272699853777885,
      0.7227391219139099,
      0.7232633644342422,
      0.7039161598682404,
      0.7110913246870041,
      0.6807270377874375,
      0.6914554819464683,
      0.6956396606564522,
      0.6952848678827286,
      0.6607627752423286,
      0.6782600069046021,
      0.6588169127702713,
      0.6398584040999412,
      0.6395208877325058,
      0.6494582581520081,
      0.6313130041956901,
      0.6394923239946365,
      0.6461310735344887,
      0.6123617541790009,
      0.6236908593773842,
      0.601143137216568,
      0.6197913250327111,
      0.6037237176299095,
      0.5988062459230423,
      0.6001317504048348,
      0.5923853224515915,
      0.596269147992134,
      0.5829456928372383,
      0.5845185217261314,
      0.5988587036728859,
      0.5964369270205497,
      0.5818873888254166,
      0.586122676730156,
      0.5699029177427292,
      0.5687427151203156,
      0.5690103748440742,
      0.5851806288957596,
      0.5593692913651467,
      0.5690453606843948,
      0.5523090097308159,
      0.5634042000770569,
      0.5571599963307381,
      0.5428184574842453,
      0.5587597358226776,
      0.5266536033153534,
      0.5437752771377563,
      0.5293011003732682,
      0.5385990545153618,
      0.5402981302142144,
      0.5317169117927552,
      0.5340258860588074,
      0.5375698688626289,
      0.5279350647330284,
      0.5181893819570541,
      0.5332148307561875,
      0.5145067229866982,
      0.520404080748558,
      0.5034694856405258,
      0.5194151332974434,
      0.5247770270705223,
      0.5124296432733536,
      0.5161762523651123,
      0.5002768835425377,
      0.5089911887049675,
      0.5180939224362373,
      0.519049428999424,
      0.4950494074821472,
      0.4907038927078247
    ],
    "train_acc": [
      22.5,
      33.6328125,
      38.578125,
      43.6328125,
      47.0390625,
      50.765625,
      53.4296875,
      55.0546875,
      57.703125,
      59.0390625,
      61.7890625,
      62.3046875,
      64.0859375,
      64.203125,
      66.1875,
      66.3515625,
      68.0078125,
      68.7734375,
      67.5859375,
      69.3984375,
      69.6328125,
      70.875,
      70.609375,
      71.0390625,
      71.640625,
      71.890625,
      73.265625,
      73.03125,
      73.5,
      74.1796875,
      74.4609375,
      74.640625,
      74.640625,
      75.25,
      74.9140625,
      75.8671875,
      75.5390625,
      76.34375,
      75.9296875,
      76.1328125,
      75.8671875,
      77.671875,
      76.7890625,
      77.1328125,
      78.09375,
      77.953125,
      77.90625,
      78.234375,
      77.75,
      78.140625,
      79.28125,
      78.5625,
      79.140625,
      78.703125,
      79.1796875,
      79.421875,
      79.40625,
      79.625,
      79.609375,
      79.859375,
      79.96875,
      79.6171875,
      79.125,
      80.0078125,
      80.140625,
      80.125,
      80.4453125,
      80.65625,
      79.90625,
      80.6953125,
      80.390625,
      81.3046875,
      80.671875,
      80.9140625,
      81.1484375,
      81.0,
      81.9609375,
      81.296875,
      82.015625,
      81.7265625,
      81.1953125,
      81.640625,
      81.390625,
      81.609375,
      81.6953125,
      82.296875,
      81.8125,
      82.0234375,
      82.171875,
      82.7421875,
      82.1796875,
      81.8125,
      82.5546875,
      82.1875,
      82.9140625,
      82.7265625,
      81.9296875,
      82.3515625,
      83.2578125,
      83.0
    ],
    "test_loss": [
      1.7590678107738495,
      1.6338464164733886,
      1.4779555892944336,
      1.4236645376682282,
      1.3142800104618073,
      1.25487120449543,
      1.2415205752849579,
      1.1182837945222854,
      1.183352392911911,
      1.173742144703865,
      1.1040583890676499,
      1.018224191069603,
      0.9446970862150192,
      1.102343887090683,
      0.9762803536653518,
      0.9044228538870811,
      0.9090043270587921,
      0.9174873906373978,
      0.856878083050251,
      0.8773853451013565,
      0.9243018680810928,
      0.8498914757370949,
      0.8112189945578575,
      0.8304330533742905,
      0.8433735030889511,
      0.8454022601246833,
      0.8279917618632316,
      0.8854708302021027,
      0.7630555087327957,
      0.8321494799852371,
      0.7701434151828289,
      0.7273112213611603,
      0.755602824985981,
      0.8560428774356842,
      0.7336300992965699,
      0.7908373802900315,
      0.804161094725132,
      0.7473397207260132,
      0.6990878310799599,
      0.7567194992303848,
      0.7669738540053368,
      0.6864783737063408,
      0.7243412929773331,
      0.6686264269053936,
      0.668384959101677,
      0.6481600180268288,
      0.6823096945881844,
      0.666444178968668,
      0.6548774430155754,
      0.6982699829339981,
      0.6801960155367851,
      0.7121254484355449,
      0.6760624700784683,
      0.7161323368549347,
      0.7040038958191872,
      0.7115081620216369,
      0.6487796664237976,
      0.6793943697214126,
      0.6754775193333625,
      0.6625017127394677,
      0.6817167365550995,
      0.6896601156890392,
      0.6423464113473892,
      0.6500894887745381,
      0.6225619167089462,
      0.6925622165203095,
      0.6669988764822483,
      0.612916873395443,
      0.7278167676925659,
      0.6769415393471718,
      0.6108953106403351,
      0.6321758110821247,
      0.6239613705873489,
      0.6593422682583332,
      0.6261965680122376,
      0.625111441463232,
      0.6906451660394669,
      0.6498238517343998,
      0.628046528249979,
      0.6485926569998264,
      0.6508124396204948,
      0.6266508311033249,
      0.656356833577156,
      0.5972378459572792,
      0.6523840960860252,
      0.6317052353918552,
      0.5805404874682426,
      0.642291349619627,
      0.658599404245615,
      0.6294170372188092,
      0.5834235651791095,
      0.6372506952285767,
      0.6581165963411331,
      0.6358311854302883,
      0.6255050471425057,
      0.6206503887474537,
      0.6764595977962017,
      0.6254428431391716,
      0.6799386495351791,
      0.6098711939156055
    ],