{
  "config": {
    "run_name": "exp2",
    "out_dir": "results",
    "seed": 42,
    "device": "cuda",
    "bs_train": 128,
    "bs_test": 32,
    "batches": 100,
    "epochs": 100,
    "early_stopping": 4,
    "checkpoints": null,
    "lr": 0.001,
    "reg": 0.001,
    "filters_per_layer": [
      32,
      64,
      128
    ],
    "pool_every": 1,
    "hidden_dims": [
      1024
    ],
    "model_type": "ycn",
    "activation_type": "relu",
    "pooling_type": "max",
    "pooling_params": {
      "kernel_size": 2,
      "padding": 1
    },
    "conv_params": {
      "kernel_size": 3,
      "padding": 1
    },
    "activation_params": {},
    "batchnorm": true,
    "dropout": 0.1,
    "kw": {},
    "layers_per_block": 3
  },
  "results": {
    "num_epochs": 0,
    "train_loss": [
      2.0704991042613985,
      1.6799265074729919,
      1.5712417793273925,
      1.445485144853592,
      1.3568096005916594,
      1.3070246064662934,
      1.2346448010206224,
      1.1755974650382996,
      1.1489742410182953,
      1.089033567905426,
      1.0656427711248397,
      1.030732050538063,
      0.9836298859119416,
      0.9688998395204544,
      0.9528194141387939,
      0.9207037830352783,
      0.9097440755367279,
      0.8863933122158051,
      0.8711441457271576,
      0.8279926490783691,
      0.8395947974920273,
      0.8321251219511032,
      0.780276557803154,
      0.7897058117389679,
      0.8049889034032822,
      0.7660604214668274,
      0.7344038385152817,
      0.7409882038831711,
      0.7082655203342437,
      0.7132004922628403,
      0.7086734819412231,
      0.6925448977947235,
      0.6739662638306618,
      0.6684739193320275,
      0.6603879404067993,
      0.6714895084500313,
      0.6516655713319779,
      0.6394935834407807,
      0.6276996925473213,
      0.600133889913559,
      0.6313886165618896,
      0.6293499073386193,
      0.5943884924054146,
      0.5858940768241883,
      0.5753334921598434,
      0.5859082573652268,
      0.5669077527523041,
      0.5633328112959862,
      0.5688496553897857,
      0.5423547577857971,
      0.5424079924821854,
      0.5423651757836342,
      0.5477031701803208,
      0.530240398645401,
      0.5106205922365189,
      0.5104001873731613,
      0.5183976438641548,
      0.5223927024006844,
      0.5002482080459595,
      0.48030971974134445,
      0.4943857237696648,
      0.4716654950380325,
      0.47513372868299486,
      0.49010531574487687,
      0.4605181401968002,
      0.46212707728147506,
      0.4634719705581665,
      0.47009393990039827,
      0.4506413298845291,
      0.45329327464103697,
      0.42338857501745225,
      0.44653706133365634,
      0.43140766859054563,
      0.44580576360225677,
      0.438714292794466,
      0.4097687676548958,
      0.43218420043587685,
      0.4129563644528389,
      0.42432514905929564,
      0.39856382936239243,
      0.4246610048413277,
      0.38301225259900096,
      0.4043941041827202,
      0.388324905782938,
      0.3961001917719841,
      0.38682965725660323,
      0.4037450620532036,
      0.3876678210496902,
      0.3692107255756855,
      0.37550532892346383,
      0.36532790705561635,
      0.3768124037981033,
      0.3649642735719681,
      0.3607426364719868,
      0.35410566940903665,
      0.3626433031260967,
      0.378059861510992,
      0.35013175785541534,
      0.36140827685594556,
      0.3603495517373085
    ],
    "train_acc": [
      19.9921875,
      35.140625,
      40.46875,
      45.859375,
      49.4765625,
      51.9375,
      54.8203125,
      57.328125,
      57.7890625,
      60.2890625,
      61.0859375,
      62.4453125,
      64.0,
      65.328125,
      65.5859375,
      66.4453125,
      67.046875,
      68.375,
      69.234375,
      70.5859375,
      70.375,
      70.3359375,
      72.1015625,
      72.1015625,
      71.4765625,
      72.796875,
      74.2421875,
      74.3125,
      75.4453125,
      75.3359375,
      75.15625,
      75.8515625,
      76.5859375,
      76.8046875,
      76.671875,
      76.5234375,
      77.3515625,
      77.6953125,
      78.3359375,
      79.25,
      77.875,
      78.109375,
      79.3984375,
      79.8203125,
      80.0703125,
      79.5703125,
      80.6875,
      80.484375,
      80.3984375,
      81.1796875,
      81.3046875,
      80.9453125,
      80.8359375,
      81.6640625,
      82.1953125,
      82.3125,
      81.8203125,
      81.8515625,
      82.859375,
      83.046875,
      82.8515625,
      83.8359375,
      83.484375,
      83.171875,
      84.2421875,
      84.1484375,
      84.1640625,
      83.8359375,
      84.2421875,
      84.390625,
      85.6796875,
      84.609375,
      85.1484375,
      84.375,
      84.8359375,
      85.9921875,
      85.1796875,
      85.78125,
      85.328125,
      86.375,
      85.296875,
      86.9609375,
      86.0859375,
      86.8125,
      86.390625,
      86.4140625,
      85.7265625,
      86.6171875,
      87.5703125,
      87.171875,
      87.734375,
      87.265625,
      87.234375,
      87.3046875,
      87.8046875,
      87.4375,
      87.2109375,
      88.109375,
      87.9296875,
      87.5703125
    ],
    "test_loss": [
      1.8002383923530578,
      1.56690878033638,
      1.4615288054943085,
      1.4084629571437837,
      1.3392931640148162,
      1.2733896899223327,
      1.2123498457670212,
      1.1678270429372788,
      1.113110926747322,
      1.1359029322862626,
      1.0740256375074386,
      1.0625676769018173,
      1.071539390683174,
      1.1645555901527405,
      1.0394924515485764,
      1.0286806052923203,
      1.0210747557878495,
      0.9489989286661148,
      0.9883367565274238,
      1.0131890147924423,
      0.9291813385486603,
      0.9794504997134209,
      0.9067831271886826,
      0.9482776898145676,
      0.9175307232141495,
      0.8977410236001014,
      0.9126387900114059,
      0.8628068354725837,
      0.9168967568874359,
      0.9406469401717186,
      0.9196173310279846,
      0.8560619896650314,
      0.8716252818703651,
      0.8672646450996399,
      0.8655292153358459,
      0.8595381756126881,
      0.8617761680483818,
      0.8576998692750931,
      0.9225555485486985,
      0.8608645212650299,
      0.8581146845221519,
      0.8494767624139786,
      0.8923375734686851,
      0.8765605562925338,
      0.8369753736257554,
      0.8695987659692764,
      0.8703909903764725,
      0.90989960283041,
      0.8888252407312394,
      0.8915793812274933,
      0.892924589663744,
      0.8712917080521584,
      0.902201920747757,
      0.8352672028541565,
      0.9222866412997246,
      0.9233440390229225,
      0.8966534748673439,
      0.9088995882868767,
      0.9650657898187638,
      0.8982892084121704,
      0.9096405082941055,
      0.880653637945652,
      0.972034470140934,
      0.8996819821000099,
      0.8970253571867943,
      0.92405468583107,
      0.883177442252636,
      0.967239827811718,
      0.9884773221611977,
      0.8882380011677742,
      0.9151677256822586,
      0.9177416095137596,
      0.9000092095136643,
      0.863843722641468,
      1.015405477285385,
      1.0097957882285118,
      0.9463032472133637,
      0.9041225005686283,
      0.9208762627840043,
      0.9483575749397278,
      0.872787039577961,
      0.9538539502024651,
      0.9305268806219101,
      0.9556673580408096,
      0.9873287737369537,
      1.017977292239666,
      0.9456400445103645,
      0.9248418447375297,
      0.9658824133872986,
      0.9877837753295898,
      1.0179343274235726,
      0.9590079945325851,
      0.9568906518816948,
      1.0329537788033485,
      0.9543446198105812,
      0.9773760887980462,
      1.0264333227276803,
      0.9820741924643517,
      0.9960657760500908,
      0.9989117634296417
    ],