{
  "config": {
    "run_name": "exp2",
    "out_dir": "results",
    "seed": 42,
    "device": "cuda",
    "bs_train": 128,
    "bs_test": 32,
    "batches": 100,
    "epochs": 100,
    "early_stopping": 4,
    "checkpoints": null,
    "lr": 0.001,
    "reg": 0.001,
    "filters_per_layer": [
      32,
      64,
      128
    ],
    "pool_every": 3,
    "hidden_dims": [
      1024
    ],
    "model_type": "ycn",
    "activation_type": "relu",
    "pooling_type": "max",
    "pooling_params": {
      "kernel_size": 2,
      "padding": 1
    },
    "conv_params": {
      "kernel_size": 3,
      "padding": 1
    },
    "activation_params": {},
    "batchnorm": true,
    "dropout": 0.1,
    "kw": {},
    "layers_per_block": 6
  },
  "results": {
    "num_epochs": 0,
    "train_loss": [
      1.9443873476982116,
      1.6388185584545136,
      1.4698117136955262,
      1.3162118017673492,
      1.1927205264568328,
      1.0989369803667068,
      1.0239894092082977,
      0.9426366698741913,
      0.8848289906978607,
      0.8504617977142334,
      0.8240887260437012,
      0.7963463813066483,
      0.7564123860001564,
      0.7301297515630722,
      0.7277679118514061,
      0.7115272295475006,
      0.6809821325540543,
      0.6733256947994232,
      0.6442656236886978,
      0.6475055846571922,
      0.633679627776146,
      0.6133940041065216,
      0.6094901075959206,
      0.5923923191428184,
      0.5703501832485199,
      0.5695331260561943,
      0.573363995552063,
      0.5699299892783165,
      0.5478594329953194,
      0.5353190979361534,
      0.5298774206638336,
      0.5146845871210098,
      0.5239746701717377,
      0.5055635204911232,
      0.5019906583428383,
      0.5022756132483482,
      0.49399759143590927,
      0.49970708340406417,
      0.48446511536836623,
      0.4649219909310341,
      0.4672728741168976,
      0.46995106160640715,
      0.45953943341970444,
      0.45821199014782904,
      0.45912926614284516,
      0.44470902264118195,
      0.44161841928958895,
      0.44989221811294555,
      0.4467995473742485,
      0.4277083170413971,
      0.42533952176570894,
      0.43222096413373945,
      0.4157599352300167,
      0.40529186397790906,
      0.4150819845497608,
      0.40340937554836276,
      0.40610893100500106,
      0.39351926624774936,
      0.3900209765136242,
      0.4094756871461868,
      0.3861079517006874,
      0.3924832220375538,
      0.38247188344597816,
      0.3840267840027809,
      0.38778668850660325,
      0.37034807220101357,
      0.380266702324152,
      0.368851111382246,
      0.3710824581980705,
      0.37439217418432236,
      0.36678858652710916,
      0.36248111486434936,
      0.35715163484215734,
      0.3588370008766651,
      0.3586146645247936,
      0.35495682060718536,
      0.3516147950291634,
      0.3486002442240715,
      0.34354820266366004,
      0.35332352831959724,
      0.3437223033607006,
      0.3468597722053528,
      0.3566295021772385,
      0.3329493255913258,
      0.32996989458799364,
      0.34067349389195445,
      0.336403851211071,
      0.329011574536562,
      0.3385390669107437,
      0.3392225669324398,
      0.34222101703286173,
      0.32480806052684785,
      0.3266065055131912,
      0.3098606908321381,
      0.33956887751817705,
      0.3386982710659504,
      0.32698341324925423,
      0.3237642897665501,
      0.3253286863863468,
      0.32553750663995745
    ],
    "train_acc": [
      24.1015625,
      37.890625,
      45.1171875,
      51.890625,
      56.65625,
      60.078125,
      63.6640625,
      65.765625,
      69.1640625,
      69.984375,
      71.0546875,
      72.0546875,
      73.125,
      74.6328125,
      74.2109375,
      75.421875,
      76.5234375,
      76.796875,
      78.03125,
      77.1484375,
      77.78125,
      78.8203125,
      78.921875,
      78.796875,
      80.0703125,
      80.3046875,
      80.5234375,
      80.421875,
      80.7578125,
      81.90625,
      81.546875,
      82.2890625,
      81.765625,
      82.265625,
      82.75,
      82.890625,
      82.8046875,
      82.8046875,
      83.1953125,
      84.0546875,
      83.9375,
      84.0234375,
      83.8984375,
      84.1875,
      84.25,
      84.4375,
      84.390625,
      84.578125,
      84.734375,
      85.703125,
      85.5625,
      85.1015625,
      85.8515625,
      86.265625,
      85.7109375,
      86.171875,
      86.0546875,
      86.359375,
      86.625,
      85.953125,
      86.5859375,
      86.453125,
      86.6015625,
      87.0390625,
      86.921875,
      87.2421875,
      86.9140625,
      87.6171875,
      87.2421875,
      87.234375,
      87.453125,
      87.7265625,
      87.78125,
      87.859375,
      87.6953125,
      88.125,
      87.859375,
      88.2421875,
      88.1796875,
      88.25,
      88.2265625,
      88.1953125,
      87.78125,
      88.609375,
      88.546875,
      88.5078125,
      88.59375,
      88.6484375,
      88.609375,
      88.578125,
      88.140625,
      88.53125,
      89.0546875,
      89.1796875,
      88.15625,
      88.640625,
      88.8203125,
      88.546875,
      88.78125,
      88.8671875
    ],
    "test_loss": [
      1.959648268222809,
      1.5030072152614593,
      1.3228300309181213,
      1.1916806745529174,
      1.2290943604707718,
      0.9954214441776276,
      1.0445787048339843,
      0.909550609588623,
      0.8988654869794845,
      0.8865569135546685,
      0.7925829541683197,
      0.7967167639732361,
      0.8586920139193535,
      0.737465346455574,
      0.7726293647289276,
      0.8063352152705192,
      0.7524577334523201,
      0.8198428997397422,
      0.6861700820922851,
      0.7260059562325477,
      0.7133011221885681,
      0.715106804817915,
      0.7104348370432854,
      0.6762145867943764,
      0.7162461851537227,
      0.6500500747561455,
      0.6739757925271987,
      0.6809928801655769,
      0.7397731113433837,
      0.6386526101827621,
      0.6862791641056538,
      0.6596831315755844,
      0.6337619617581367,
      0.6788634841144084,
      0.6017194937169552,
      0.6969817265868187,
      0.6478086552023887,
      0.7059421482682228,
      0.575389414280653,
      0.5844690629839897,
      0.835861739963293,
      0.6255480122566223,
      0.6168244457244874,
      0.6431372356414795,
      0.5841634082794189,
      0.5779287537932396,
      0.6178830914199352,
      0.5584827266633511,
      0.6446558947861195,
      0.58395936191082,
      0.6432426860928535,
      0.6104246440529824,
      0.5847673963010311,
      0.5689985552430152,
      0.519481071382761,
      0.6132979360222817,
      0.595828687697649,
      0.6486349734663963,
      0.6388241815567016,
      0.5529623441398144,
      0.6187345054745674,
      0.695518357604742,
      0.6866686677187681,
      0.6416754767298698,
      0.5711562575399876,
      0.5798820051550865,
      0.6497349178791046,
      0.5760338271409273,
      0.7321822026371956,
      0.6086654843389988,
      0.5829024957120419,
      0.5486093922704458,
      0.6218480050563813,
      0.5914913991093635,
      0.6234743115305901,
      0.6146157415211201,
      0.6066882136464119,
      0.5858689492940903,
      0.5895214299857616,
      0.6176189330220222,
      0.6443602229654789,
      0.6016363352537155,
      0.5832631450891494,
      0.5871513460576534,
      0.5906456273794174,
      0.53353874117136,
      0.5577590633183718,
      0.6219772130995989,
      0.5596592031419277,
      0.5887082939594984,
      0.6095303729176521,
      0.5851057147979737,
      0.5925607478618622,
      0.6431338898837566,
      0.6108224292099476,
      0.5258101862668991,
      0.5908554755151272,
      0.5923671854287386,
      0.6009900625050068,
      0.5978357373923063
    ],